{
  "type": "FeatureCollection",
  "metadata": {
    "generated": "2026-05-03T19:45:58.300701",
    "source": "NASA FIRMS (Multi-satellite)",
    "satellites": [
      "VIIRS_SNPP",
      "VIIRS_NOAA20",
      "VIIRS_NOAA21",
      "MODIS"
    ],
    "days": 3
  },
  "features": [
    {
      "type": "Feature",
      "geometry": {
        "type": "Point",
        "coordinates": [
          46.61696,
          44.28315
        ]
      },
      "properties": {
        "brightness": 336.08,
        "confidence": "n",
        "acq_date": "2026-05-01",
        "acq_time": "943",
        "satellite": "VIIRS_SNPP",
        "frp": 7.69
      }
    },
    {
      "type": "Feature",
      "geometry": {
        "type": "Point",
        "coordinates": [
          48.48401,
          45.00084
        ]
      },
      "properties": {
        "brightness": 328.46,
        "confidence": "n",
        "acq_date": "2026-05-01",
        "acq_time": "943",
        "satellite": "VIIRS_SNPP",
        "frp": 8.6
      }
    },
    {
      "type": "Feature",
      "geometry": {
        "type": "Point",
        "coordinates": [
          48.23962,
          46.20914
        ]
      },
      "properties": {
        "brightness": 333.72,
        "confidence": "n",
        "acq_date": "2026-05-01",
        "acq_time": "943",
        "satellite": "VIIRS_SNPP",
        "frp": 1.88
      }
    },
    {
      "type": "Feature",
      "geometry": {
        "type": "Point",
        "coordinates": [
          48.24456,
          46.20989
        ]
      },
      "properties": {
        "brightness": 335.43,
        "confidence": "n",
        "acq_date": "2026-05-01",
        "acq_time": "943",
        "satellite": "VIIRS_SNPP",
        "frp": 4.64
      }
    },
    {
      "type": "Feature",
      "geometry": {
        "type": "Point",
        "coordinates": [
          49.33013,
          46.67597
        ]
      },
      "properties": {
        "brightness": 334.01,
        "confidence": "n",
        "acq_date": "2026-05-01",
        "acq_time": "943",
        "satellite": "VIIRS_SNPP",
        "frp": 1.21
      }
    },
    {
      "type": "Feature",
      "geometry": {
        "type": "Point",
        "coordinates": [
          51.41891,
          52.92419
        ]
      },
      "properties": {
        "brightness": 326.72,
        "confidence": "n",
        "acq_date": "2026-05-01",
        "acq_time": "945",
        "satellite": "VIIRS_SNPP",
        "frp": 1.86
      }
    },
    {
      "type": "Feature",
      "geometry": {
        "type": "Point",
        "coordinates": [
          51.22646,
          52.87569
        ]
      },
      "properties": {
        "brightness": 296.52,
        "confidence": "n",
        "acq_date": "2026-05-01",
        "acq_time": "2157",
        "satellite": "VIIRS_SNPP",
        "frp": 0.54
      }
    },
    {
      "type": "Feature",
      "geometry": {
        "type": "Point",
        "coordinates": [
          48.95844,
          44.91164
        ]
      },
      "properties": {
        "brightness": 306.53,
        "confidence": "n",
        "acq_date": "2026-05-01",
        "acq_time": "2159",
        "satellite": "VIIRS_SNPP",
        "frp": 1.97
      }
    },
    {
      "type": "Feature",
      "geometry": {
        "type": "Point",
        "coordinates": [
          48.95892,
          44.91716
        ]
      },
      "properties": {
        "brightness": 337.97,
        "confidence": "n",
        "acq_date": "2026-05-01",
        "acq_time": "2159",
        "satellite": "VIIRS_SNPP",
        "frp": 1.97
      }
    },
    {
      "type": "Feature",
      "geometry": {
        "type": "Point",
        "coordinates": [
          48.9539,
          44.91737
        ]
      },
      "properties": {
        "brightness": 303.3,
        "confidence": "n",
        "acq_date": "2026-05-01",
        "acq_time": "2159",
        "satellite": "VIIRS_SNPP",
        "frp": 1.97
      }
    },
    {
      "type": "Feature",
      "geometry": {
        "type": "Point",
        "coordinates": [
          44.53188,
          50.9106
        ]
      },
      "properties": {
        "brightness": 305.8,
        "confidence": "n",
        "acq_date": "2026-05-01",
        "acq_time": "2337",
        "satellite": "VIIRS_SNPP",
        "frp": 1.13
      }
    },
    {
      "type": "Feature",
      "geometry": {
        "type": "Point",
        "coordinates": [
          51.22831,
          52.87551
        ]
      },
      "properties": {
        "brightness": 308.61,
        "confidence": "n",
        "acq_date": "2026-05-01",
        "acq_time": "2337",
        "satellite": "VIIRS_SNPP",
        "frp": 2.11
      }
    },
    {
      "type": "Feature",
      "geometry": {
        "type": "Point",
        "coordinates": [
          51.41777,
          52.92228
        ]
      },
      "properties": {
        "brightness": 311.31,
        "confidence": "n",
        "acq_date": "2026-05-01",
        "acq_time": "2337",
        "satellite": "VIIRS_SNPP",
        "frp": 1.64
      }
    },
    {
      "type": "Feature",
      "geometry": {
        "type": "Point",
        "coordinates": [
          51.41934,
          52.92271
        ]
      },
      "properties": {
        "brightness": 317.01,
        "confidence": "n",
        "acq_date": "2026-05-01",
        "acq_time": "2337",
        "satellite": "VIIRS_SNPP",
        "frp": 2.12
      }
    },
    {
      "type": "Feature",
      "geometry": {
        "type": "Point",
        "coordinates": [
          45.85411,
          53.87468
        ]
      },
      "properties": {
        "brightness": 295.33,
        "confidence": "n",
        "acq_date": "2026-05-01",
        "acq_time": "2337",
        "satellite": "VIIRS_SNPP",
        "frp": 0.75
      }
    },
    {
      "type": "Feature",
      "geometry": {
        "type": "Point",
        "coordinates": [
          48.96059,
          44.91698
        ]
      },
      "properties": {
        "brightness": 330.75,
        "confidence": "n",
        "acq_date": "2026-05-01",
        "acq_time": "2339",
        "satellite": "VIIRS_SNPP",
        "frp": 2.34
      }
    },
    {
      "type": "Feature",
      "geometry": {
        "type": "Point",
        "coordinates": [
          48.48343,
          44.99854
        ]
      },
      "properties": {
        "brightness": 330.74,
        "confidence": "n",
        "acq_date": "2026-05-01",
        "acq_time": "2339",
        "satellite": "VIIRS_SNPP",
        "frp": 3.68
      }
    },
    {
      "type": "Feature",
      "geometry": {
        "type": "Point",
        "coordinates": [
          48.47604,
          45.00055
        ]
      },
      "properties": {
        "brightness": 306.17,
        "confidence": "n",
        "acq_date": "2026-05-01",
        "acq_time": "2339",
        "satellite": "VIIRS_SNPP",
        "frp": 3.68
      }
    },
    {
      "type": "Feature",
      "geometry": {
        "type": "Point",
        "coordinates": [
          49.65687,
          46.43417
        ]
      },
      "properties": {
        "brightness": 336.74,
        "confidence": "n",
        "acq_date": "2026-05-02",
        "acq_time": "926",
        "satellite": "VIIRS_SNPP",
        "frp": 4.36
      }
    },
    {
      "type": "Feature",
      "geometry": {
        "type": "Point",
        "coordinates": [
          49.67296,
          46.45151
        ]
      },
      "properties": {
        "brightness": 330.37,
        "confidence": "n",
        "acq_date": "2026-05-02",
        "acq_time": "926",
        "satellite": "VIIRS_SNPP",
        "frp": 3.18
      }
    },
    {
      "type": "Feature",
      "geometry": {
        "type": "Point",
        "coordinates": [
          49.67169,
          46.45487
        ]
      },
      "properties": {
        "brightness": 347.12,
        "confidence": "n",
        "acq_date": "2026-05-02",
        "acq_time": "926",
        "satellite": "VIIRS_SNPP",
        "frp": 3.18
      }
    },
    {
      "type": "Feature",
      "geometry": {
        "type": "Point",
        "coordinates": [
          49.67698,
          46.45584
        ]
      },
      "properties": {
        "brightness": 331.92,
        "confidence": "n",
        "acq_date": "2026-05-02",
        "acq_time": "926",
        "satellite": "VIIRS_SNPP",
        "frp": 3.18
      }
    },
    {
      "type": "Feature",
      "geometry": {
        "type": "Point",
        "coordinates": [
          51.64394,
          47.47545
        ]
      },
      "properties": {
        "brightness": 335.1,
        "confidence": "n",
        "acq_date": "2026-05-02",
        "acq_time": "926",
        "satellite": "VIIRS_SNPP",
        "frp": 2.04
      }
    },
    {
      "type": "Feature",
      "geometry": {
        "type": "Point",
        "coordinates": [
          45.72556,
          51.54992
        ]
      },
      "properties": {
        "brightness": 328.27,
        "confidence": "n",
        "acq_date": "2026-05-02",
        "acq_time": "926",
        "satellite": "VIIRS_SNPP",
        "frp": 2.3
      }
    },
    {
      "type": "Feature",
      "geometry": {
        "type": "Point",
        "coordinates": [
          41.0492,
          52.21265
        ]
      },
      "properties": {
        "brightness": 331.91,
        "confidence": "n",
        "acq_date": "2026-05-02",
        "acq_time": "928",
        "satellite": "VIIRS_SNPP",
        "frp": 5.05
      }
    },
    {
      "type": "Feature",
      "geometry": {
        "type": "Point",
        "coordinates": [
          44.67539,
          53.97932
        ]
      },
      "properties": {
        "brightness": 341.4,
        "confidence": "n",
        "acq_date": "2026-05-02",
        "acq_time": "928",
        "satellite": "VIIRS_SNPP",
        "frp": 2.65
      }
    },
    {
      "type": "Feature",
      "geometry": {
        "type": "Point",
        "coordinates": [
          44.67345,
          53.98269
        ]
      },
      "properties": {
        "brightness": 339.88,
        "confidence": "n",
        "acq_date": "2026-05-02",
        "acq_time": "928",
        "satellite": "VIIRS_SNPP",
        "frp": 2.65
      }
    },
    {
      "type": "Feature",
      "geometry": {
        "type": "Point",
        "coordinates": [
          45.86141,
          56.17086
        ]
      },
      "properties": {
        "brightness": 326.8,
        "confidence": "n",
        "acq_date": "2026-05-02",
        "acq_time": "928",
        "satellite": "VIIRS_SNPP",
        "frp": 3.03
      }
    },
    {
      "type": "Feature",
      "geometry": {
        "type": "Point",
        "coordinates": [
          41.16034,
          51.72108
        ]
      },
      "properties": {
        "brightness": 337.39,
        "confidence": "n",
        "acq_date": "2026-05-02",
        "acq_time": "1108",
        "satellite": "VIIRS_SNPP",
        "frp": 3.7
      }
    },
    {
      "type": "Feature",
      "geometry": {
        "type": "Point",
        "coordinates": [
          41.15828,
          51.72115
        ]
      },
      "properties": {
        "brightness": 343.43,
        "confidence": "n",
        "acq_date": "2026-05-02",
        "acq_time": "1108",
        "satellite": "VIIRS_SNPP",
        "frp": 2.58
      }
    },
    {
      "type": "Feature",
      "geometry": {
        "type": "Point",
        "coordinates": [
          42.7164,
          52.00273
        ]
      },
      "properties": {
        "brightness": 336.63,
        "confidence": "n",
        "acq_date": "2026-05-02",
        "acq_time": "1108",
        "satellite": "VIIRS_SNPP",
        "frp": 3.97
      }
    },
    {
      "type": "Feature",
      "geometry": {
        "type": "Point",
        "coordinates": [
          42.72396,
          52.00276
        ]
      },
      "properties": {
        "brightness": 327.48,
        "confidence": "n",
        "acq_date": "2026-05-02",
        "acq_time": "1108",
        "satellite": "VIIRS_SNPP",
        "frp": 3.97
      }
    },
    {
      "type": "Feature",
      "geometry": {
        "type": "Point",
        "coordinates": [
          51.01157,
          53.18878
        ]
      },
      "properties": {
        "brightness": 295.82,
        "confidence": "n",
        "acq_date": "2026-05-02",
        "acq_time": "2138",
        "satellite": "VIIRS_SNPP",
        "frp": 1.03
      }
    },
    {
      "type": "Feature",
      "geometry": {
        "type": "Point",
        "coordinates": [
          51.00847,
          53.18896
        ]
      },
      "properties": {
        "brightness": 300.2,
        "confidence": "n",
        "acq_date": "2026-05-02",
        "acq_time": "2138",
        "satellite": "VIIRS_SNPP",
        "frp": 0.77
      }
    },
    {
      "type": "Feature",
      "geometry": {
        "type": "Point",
        "coordinates": [
          51.90147,
          55.60447
        ]
      },
      "properties": {
        "brightness": 296.04,
        "confidence": "n",
        "acq_date": "2026-05-02",
        "acq_time": "2138",
        "satellite": "VIIRS_SNPP",
        "frp": 2.12
      }
    },
    {
      "type": "Feature",
      "geometry": {
        "type": "Point",
        "coordinates": [
          51.93655,
          55.61092
        ]
      },
      "properties": {
        "brightness": 295.14,
        "confidence": "n",
        "acq_date": "2026-05-02",
        "acq_time": "2138",
        "satellite": "VIIRS_SNPP",
        "frp": 0.98
      }
    },
    {
      "type": "Feature",
      "geometry": {
        "type": "Point",
        "coordinates": [
          48.95567,
          44.91589
        ]
      },
      "properties": {
        "brightness": 336.66,
        "confidence": "n",
        "acq_date": "2026-05-02",
        "acq_time": "2140",
        "satellite": "VIIRS_SNPP",
        "frp": 6.0
      }
    },
    {
      "type": "Feature",
      "geometry": {
        "type": "Point",
        "coordinates": [
          51.9625,
          55.58918
        ]
      },
      "properties": {
        "brightness": 316.75,
        "confidence": "n",
        "acq_date": "2026-05-02",
        "acq_time": "2318",
        "satellite": "VIIRS_SNPP",
        "frp": 1.51
      }
    },
    {
      "type": "Feature",
      "geometry": {
        "type": "Point",
        "coordinates": [
          51.89874,
          55.59856
        ]
      },
      "properties": {
        "brightness": 297.39,
        "confidence": "n",
        "acq_date": "2026-05-02",
        "acq_time": "2318",
        "satellite": "VIIRS_SNPP",
        "frp": 0.53
      }
    },
    {
      "type": "Feature",
      "geometry": {
        "type": "Point",
        "coordinates": [
          51.90095,
          55.60196
        ]
      },
      "properties": {
        "brightness": 311.89,
        "confidence": "n",
        "acq_date": "2026-05-02",
        "acq_time": "2318",
        "satellite": "VIIRS_SNPP",
        "frp": 1.9
      }
    },
    {
      "type": "Feature",
      "geometry": {
        "type": "Point",
        "coordinates": [
          51.92795,
          55.60793
        ]
      },
      "properties": {
        "brightness": 295.53,
        "confidence": "n",
        "acq_date": "2026-05-02",
        "acq_time": "2318",
        "satellite": "VIIRS_SNPP",
        "frp": 0.76
      }
    },
    {
      "type": "Feature",
      "geometry": {
        "type": "Point",
        "coordinates": [
          51.94389,
          55.60849
        ]
      },
      "properties": {
        "brightness": 303.87,
        "confidence": "n",
        "acq_date": "2026-05-02",
        "acq_time": "2318",
        "satellite": "VIIRS_SNPP",
        "frp": 1.43
      }
    },
    {
      "type": "Feature",
      "geometry": {
        "type": "Point",
        "coordinates": [
          44.53223,
          50.91047
        ]
      },
      "properties": {
        "brightness": 297.55,
        "confidence": "n",
        "acq_date": "2026-05-02",
        "acq_time": "2320",
        "satellite": "VIIRS_SNPP",
        "frp": 0.58
      }
    },
    {
      "type": "Feature",
      "geometry": {
        "type": "Point",
        "coordinates": [
          43.66838,
          52.47089
        ]
      },
      "properties": {
        "brightness": 301.38,
        "confidence": "n",
        "acq_date": "2026-05-02",
        "acq_time": "2320",
        "satellite": "VIIRS_SNPP",
        "frp": 0.34
      }
    },
    {
      "type": "Feature",
      "geometry": {
        "type": "Point",
        "coordinates": [
          51.41909,
          52.92514
        ]
      },
      "properties": {
        "brightness": 305.95,
        "confidence": "n",
        "acq_date": "2026-05-02",
        "acq_time": "2320",
        "satellite": "VIIRS_SNPP",
        "frp": 1.62
      }
    },
    {
      "type": "Feature",
      "geometry": {
        "type": "Point",
        "coordinates": [
          51.23378,
          53.07501
        ]
      },
      "properties": {
        "brightness": 296.73,
        "confidence": "n",
        "acq_date": "2026-05-02",
        "acq_time": "2320",
        "satellite": "VIIRS_SNPP",
        "frp": 0.33
      }
    },
    {
      "type": "Feature",
      "geometry": {
        "type": "Point",
        "coordinates": [
          51.00045,
          53.18799
        ]
      },
      "properties": {
        "brightness": 324.38,
        "confidence": "n",
        "acq_date": "2026-05-02",
        "acq_time": "2320",
        "satellite": "VIIRS_SNPP",
        "frp": 2.47
      }
    },
    {
      "type": "Feature",
      "geometry": {
        "type": "Point",
        "coordinates": [
          51.00932,
          53.19003
        ]
      },
      "properties": {
        "brightness": 305.44,
        "confidence": "n",
        "acq_date": "2026-05-02",
        "acq_time": "2320",
        "satellite": "VIIRS_SNPP",
        "frp": 1.04
      }
    },
    {
      "type": "Feature",
      "geometry": {
        "type": "Point",
        "coordinates": [
          45.85779,
          53.87406
        ]
      },
      "properties": {
        "brightness": 305.22,
        "confidence": "n",
        "acq_date": "2026-05-02",
        "acq_time": "2320",
        "satellite": "VIIRS_SNPP",
        "frp": 0.5
      }
    },
    {
      "type": "Feature",
      "geometry": {
        "type": "Point",
        "coordinates": [
          42.1836,
          55.38493
        ]
      },
      "properties": {
        "brightness": 301.14,
        "confidence": "n",
        "acq_date": "2026-05-02",
        "acq_time": "2320",
        "satellite": "VIIRS_SNPP",
        "frp": 0.86
      }
    },
    {
      "type": "Feature",
      "geometry": {
        "type": "Point",
        "coordinates": [
          43.14908,
          49.55437
        ]
      },
      "properties": {
        "brightness": 343.84,
        "confidence": "n",
        "acq_date": "2026-05-03",
        "acq_time": "907",
        "satellite": "VIIRS_SNPP",
        "frp": 12.96
      }
    },
    {
      "type": "Feature",
      "geometry": {
        "type": "Point",
        "coordinates": [
          43.094,
          51.66191
        ]
      },
      "properties": {
        "brightness": 341.07,
        "confidence": "n",
        "acq_date": "2026-05-03",
        "acq_time": "907",
        "satellite": "VIIRS_SNPP",
        "frp": 6.99
      }
    },
    {
      "type": "Feature",
      "geometry": {
        "type": "Point",
        "coordinates": [
          43.10119,
          51.66388
        ]
      },
      "properties": {
        "brightness": 352.97,
        "confidence": "n",
        "acq_date": "2026-05-03",
        "acq_time": "907",
        "satellite": "VIIRS_SNPP",
        "frp": 6.99
      }
    },
    {
      "type": "Feature",
      "geometry": {
        "type": "Point",
        "coordinates": [
          43.09276,
          51.66398
        ]
      },
      "properties": {
        "brightness": 336.86,
        "confidence": "n",
        "acq_date": "2026-05-03",
        "acq_time": "907",
        "satellite": "VIIRS_SNPP",
        "frp": 8.77
      }
    },
    {
      "type": "Feature",
      "geometry": {
        "type": "Point",
        "coordinates": [
          43.09998,
          51.66592
        ]
      },
      "properties": {
        "brightness": 367.0,
        "confidence": "h",
        "acq_date": "2026-05-03",
        "acq_time": "907",
        "satellite": "VIIRS_SNPP",
        "frp": 11.54
      }
    },
    {
      "type": "Feature",
      "geometry": {
        "type": "Point",
        "coordinates": [
          43.10719,
          51.66785
        ]
      },
      "properties": {
        "brightness": 333.09,
        "confidence": "n",
        "acq_date": "2026-05-03",
        "acq_time": "907",
        "satellite": "VIIRS_SNPP",
        "frp": 11.54
      }
    },
    {
      "type": "Feature",
      "geometry": {
        "type": "Point",
        "coordinates": [
          43.09823,
          51.66821
        ]
      },
      "properties": {
        "brightness": 347.53,
        "confidence": "n",
        "acq_date": "2026-05-03",
        "acq_time": "907",
        "satellite": "VIIRS_SNPP",
        "frp": 6.99
      }
    },
    {
      "type": "Feature",
      "geometry": {
        "type": "Point",
        "coordinates": [
          41.77364,
          52.1162
        ]
      },
      "properties": {
        "brightness": 332.14,
        "confidence": "n",
        "acq_date": "2026-05-03",
        "acq_time": "907",
        "satellite": "VIIRS_SNPP",
        "frp": 4.75
      }
    },
    {
      "type": "Feature",
      "geometry": {
        "type": "Point",
        "coordinates": [
          42.63547,
          53.31376
        ]
      },
      "properties": {
        "brightness": 327.03,
        "confidence": "n",
        "acq_date": "2026-05-03",
        "acq_time": "907",
        "satellite": "VIIRS_SNPP",
        "frp": 2.37
      }
    },
    {
      "type": "Feature",
      "geometry": {
        "type": "Point",
        "coordinates": [
          43.93341,
          53.96594
        ]
      },
      "properties": {
        "brightness": 329.03,
        "confidence": "n",
        "acq_date": "2026-05-03",
        "acq_time": "907",
        "satellite": "VIIRS_SNPP",
        "frp": 3.35
      }
    },
    {
      "type": "Feature",
      "geometry": {
        "type": "Point",
        "coordinates": [
          43.93465,
          53.96635
        ]
      },
      "properties": {
        "brightness": 330.12,
        "confidence": "n",
        "acq_date": "2026-05-03",
        "acq_time": "907",
        "satellite": "VIIRS_SNPP",
        "frp": 2.52
      }
    },
    {
      "type": "Feature",
      "geometry": {
        "type": "Point",
        "coordinates": [
          45.27565,
          54.10363
        ]
      },
      "properties": {
        "brightness": 327.56,
        "confidence": "n",
        "acq_date": "2026-05-03",
        "acq_time": "907",
        "satellite": "VIIRS_SNPP",
        "frp": 3.03
      }
    },
    {
      "type": "Feature",
      "geometry": {
        "type": "Point",
        "coordinates": [
          48.41699,
          54.11519
        ]
      },
      "properties": {
        "brightness": 334.92,
        "confidence": "n",
        "acq_date": "2026-05-03",
        "acq_time": "907",
        "satellite": "VIIRS_SNPP",
        "frp": 3.77
      }
    },
    {
      "type": "Feature",
      "geometry": {
        "type": "Point",
        "coordinates": [
          45.84546,
          54.18561
        ]
      },
      "properties": {
        "brightness": 331.84,
        "confidence": "n",
        "acq_date": "2026-05-03",
        "acq_time": "907",
        "satellite": "VIIRS_SNPP",
        "frp": 3.9
      }
    },
    {
      "type": "Feature",
      "geometry": {
        "type": "Point",
        "coordinates": [
          45.76626,
          54.49782
        ]
      },
      "properties": {
        "brightness": 338.4,
        "confidence": "n",
        "acq_date": "2026-05-03",
        "acq_time": "907",
        "satellite": "VIIRS_SNPP",
        "frp": 8.63
      }
    },
    {
      "type": "Feature",
      "geometry": {
        "type": "Point",
        "coordinates": [
          48.60821,
          54.79048
        ]
      },
      "properties": {
        "brightness": 342.05,
        "confidence": "n",
        "acq_date": "2026-05-03",
        "acq_time": "907",
        "satellite": "VIIRS_SNPP",
        "frp": 3.52
      }
    },
    {
      "type": "Feature",
      "geometry": {
        "type": "Point",
        "coordinates": [
          48.60575,
          54.79241
        ]
      },
      "properties": {
        "brightness": 342.96,
        "confidence": "n",
        "acq_date": "2026-05-03",
        "acq_time": "907",
        "satellite": "VIIRS_SNPP",
        "frp": 3.67
      }
    },
    {
      "type": "Feature",
      "geometry": {
        "type": "Point",
        "coordinates": [
          51.03152,
          55.38762
        ]
      },
      "properties": {
        "brightness": 328.54,
        "confidence": "n",
        "acq_date": "2026-05-03",
        "acq_time": "907",
        "satellite": "VIIRS_SNPP",
        "frp": 3.88
      }
    },
    {
      "type": "Feature",
      "geometry": {
        "type": "Point",
        "coordinates": [
          51.03756,
          55.38868
        ]
      },
      "properties": {
        "brightness": 333.72,
        "confidence": "n",
        "acq_date": "2026-05-03",
        "acq_time": "907",
        "satellite": "VIIRS_SNPP",
        "frp": 3.88
      }
    },
    {
      "type": "Feature",
      "geometry": {
        "type": "Point",
        "coordinates": [
          51.03579,
          55.39193
        ]
      },
      "properties": {
        "brightness": 327.68,
        "confidence": "n",
        "acq_date": "2026-05-03",
        "acq_time": "907",
        "satellite": "VIIRS_SNPP",
        "frp": 2.32
      }
    },
    {
      "type": "Feature",
      "geometry": {
        "type": "Point",
        "coordinates": [
          42.18092,
          55.38322
        ]
      },
      "properties": {
        "brightness": 326.13,
        "confidence": "n",
        "acq_date": "2026-05-03",
        "acq_time": "909",
        "satellite": "VIIRS_SNPP",
        "frp": 1.91
      }
    },
    {
      "type": "Feature",
      "geometry": {
        "type": "Point",
        "coordinates": [
          51.1051,
          56.02043
        ]
      },
      "properties": {
        "brightness": 328.39,
        "confidence": "n",
        "acq_date": "2026-05-03",
        "acq_time": "909",
        "satellite": "VIIRS_SNPP",
        "frp": 1.41
      }
    },
    {
      "type": "Feature",
      "geometry": {
        "type": "Point",
        "coordinates": [
          50.95131,
          56.18475
        ]
      },
      "properties": {
        "brightness": 327.5,
        "confidence": "n",
        "acq_date": "2026-05-03",
        "acq_time": "909",
        "satellite": "VIIRS_SNPP",
        "frp": 1.22
      }
    },
    {
      "type": "Feature",
      "geometry": {
        "type": "Point",
        "coordinates": [
          41.28208,
          57.44268
        ]
      },
      "properties": {
        "brightness": 333.14,
        "confidence": "n",
        "acq_date": "2026-05-03",
        "acq_time": "909",
        "satellite": "VIIRS_SNPP",
        "frp": 4.76
      }
    },
    {
      "type": "Feature",
      "geometry": {
        "type": "Point",
        "coordinates": [
          41.01624,
          57.52962
        ]
      },
      "properties": {
        "brightness": 347.46,
        "confidence": "n",
        "acq_date": "2026-05-03",
        "acq_time": "909",
        "satellite": "VIIRS_SNPP",
        "frp": 5.77
      }
    },
    {
      "type": "Feature",
      "geometry": {
        "type": "Point",
        "coordinates": [
          41.0064,
          57.53179
        ]
      },
      "properties": {
        "brightness": 325.15,
        "confidence": "n",
        "acq_date": "2026-05-03",
        "acq_time": "909",
        "satellite": "VIIRS_SNPP",
        "frp": 3.45
      }
    },
    {
      "type": "Feature",
      "geometry": {
        "type": "Point",
        "coordinates": [
          47.36123,
          46.17416
        ]
      },
      "properties": {
        "brightness": 344.05,
        "confidence": "n",
        "acq_date": "2026-05-03",
        "acq_time": "1047",
        "satellite": "VIIRS_SNPP",
        "frp": 20.72
      }
    },
    {
      "type": "Feature",
      "geometry": {
        "type": "Point",
        "coordinates": [
          47.36747,
          46.17429
        ]
      },
      "properties": {
        "brightness": 347.63,
        "confidence": "n",
        "acq_date": "2026-05-03",
        "acq_time": "1047",
        "satellite": "VIIRS_SNPP",
        "frp": 24.17
      }
    },
    {
      "type": "Feature",
      "geometry": {
        "type": "Point",
        "coordinates": [
          48.12743,
          46.77311
        ]
      },
      "properties": {
        "brightness": 338.66,
        "confidence": "n",
        "acq_date": "2026-05-03",
        "acq_time": "1047",
        "satellite": "VIIRS_SNPP",
        "frp": 4.53
      }
    },
    {
      "type": "Feature",
      "geometry": {
        "type": "Point",
        "coordinates": [
          48.12432,
          46.77702
        ]
      },
      "properties": {
        "brightness": 338.32,
        "confidence": "n",
        "acq_date": "2026-05-03",
        "acq_time": "1047",
        "satellite": "VIIRS_SNPP",
        "frp": 4.78
      }
    },
    {
      "type": "Feature",
      "geometry": {
        "type": "Point",
        "coordinates": [
          41.62617,
          51.75179
        ]
      },
      "properties": {
        "brightness": 341.4,
        "confidence": "n",
        "acq_date": "2026-05-03",
        "acq_time": "1049",
        "satellite": "VIIRS_SNPP",
        "frp": 5.62
      }
    },
    {
      "type": "Feature",
      "geometry": {
        "type": "Point",
        "coordinates": [
          41.11223,
          51.8612
        ]
      },
      "properties": {
        "brightness": 344.14,
        "confidence": "n",
        "acq_date": "2026-05-03",
        "acq_time": "1049",
        "satellite": "VIIRS_SNPP",
        "frp": 5.4
      }
    },
    {
      "type": "Feature",
      "geometry": {
        "type": "Point",
        "coordinates": [
          42.6885,
          52.08286
        ]
      },
      "properties": {
        "brightness": 337.31,
        "confidence": "n",
        "acq_date": "2026-05-03",
        "acq_time": "1049",
        "satellite": "VIIRS_SNPP",
        "frp": 8.24
      }
    },
    {
      "type": "Feature",
      "geometry": {
        "type": "Point",
        "coordinates": [
          42.87224,
          52.2722
        ]
      },
      "properties": {
        "brightness": 336.79,
        "confidence": "n",
        "acq_date": "2026-05-03",
        "acq_time": "1049",
        "satellite": "VIIRS_SNPP",
        "frp": 3.36
      }
    },
    {
      "type": "Feature",
      "geometry": {
        "type": "Point",
        "coordinates": [
          42.00166,
          52.51126
        ]
      },
      "properties": {
        "brightness": 330.11,
        "confidence": "n",
        "acq_date": "2026-05-03",
        "acq_time": "1049",
        "satellite": "VIIRS_SNPP",
        "frp": 2.68
      }
    },
    {
      "type": "Feature",
      "geometry": {
        "type": "Point",
        "coordinates": [
          41.89893,
          52.63118
        ]
      },
      "properties": {
        "brightness": 333.49,
        "confidence": "n",
        "acq_date": "2026-05-03",
        "acq_time": "1049",
        "satellite": "VIIRS_SNPP",
        "frp": 1.64
      }
    },
    {
      "type": "Feature",
      "geometry": {
        "type": "Point",
        "coordinates": [
          41.89887,
          52.63258
        ]
      },
      "properties": {
        "brightness": 339.07,
        "confidence": "n",
        "acq_date": "2026-05-03",
        "acq_time": "1049",
        "satellite": "VIIRS_SNPP",
        "frp": 5.18
      }
    },
    {
      "type": "Feature",
      "geometry": {
        "type": "Point",
        "coordinates": [
          41.35824,
          52.8375
        ]
      },
      "properties": {
        "brightness": 340.24,
        "confidence": "n",
        "acq_date": "2026-05-03",
        "acq_time": "1049",
        "satellite": "VIIRS_SNPP",
        "frp": 6.11
      }
    },
    {
      "type": "Feature",
      "geometry": {
        "type": "Point",
        "coordinates": [
          41.36676,
          52.83797
        ]
      },
      "properties": {
        "brightness": 337.14,
        "confidence": "n",
        "acq_date": "2026-05-03",
        "acq_time": "1049",
        "satellite": "VIIRS_SNPP",
        "frp": 6.11
      }
    },
    {
      "type": "Feature",
      "geometry": {
        "type": "Point",
        "coordinates": [
          41.35944,
          52.84125
        ]
      },
      "properties": {
        "brightness": 340.22,
        "confidence": "n",
        "acq_date": "2026-05-03",
        "acq_time": "1049",
        "satellite": "VIIRS_SNPP",
        "frp": 9.34
      }
    },
    {
      "type": "Feature",
      "geometry": {
        "type": "Point",
        "coordinates": [
          47.98569,
          53.08249
        ]
      },
      "properties": {
        "brightness": 346.19,
        "confidence": "n",
        "acq_date": "2026-05-03",
        "acq_time": "1049",
        "satellite": "VIIRS_SNPP",
        "frp": 6.42
      }
    },
    {
      "type": "Feature",
      "geometry": {
        "type": "Point",
        "coordinates": [
          43.58746,
          53.83079
        ]
      },
      "properties": {
        "brightness": 345.41,
        "confidence": "n",
        "acq_date": "2026-05-03",
        "acq_time": "1049",
        "satellite": "VIIRS_SNPP",
        "frp": 2.74
      }
    },
    {
      "type": "Feature",
      "geometry": {
        "type": "Point",
        "coordinates": [
          44.15026,
          53.96799
        ]
      },
      "properties": {
        "brightness": 339.25,
        "confidence": "n",
        "acq_date": "2026-05-03",
        "acq_time": "1049",
        "satellite": "VIIRS_SNPP",
        "frp": 4.74
      }
    },
    {
      "type": "Feature",
      "geometry": {
        "type": "Point",
        "coordinates": [
          49.36556,
          54.45744
        ]
      },
      "properties": {
        "brightness": 325.04,
        "confidence": "l",
        "acq_date": "2026-05-03",
        "acq_time": "1049",
        "satellite": "VIIRS_SNPP",
        "frp": 3.5
      }
    },
    {
      "type": "Feature",
      "geometry": {
        "type": "Point",
        "coordinates": [
          46.70469,
          54.47911
        ]
      },
      "properties": {
        "brightness": 332.3,
        "confidence": "n",
        "acq_date": "2026-05-03",
        "acq_time": "1049",
        "satellite": "VIIRS_SNPP",
        "frp": 4.12
      }
    },
    {
      "type": "Feature",
      "geometry": {
        "type": "Point",
        "coordinates": [
          46.7041,
          54.48514
        ]
      },
      "properties": {
        "brightness": 346.89,
        "confidence": "n",
        "acq_date": "2026-05-03",
        "acq_time": "1049",
        "satellite": "VIIRS_SNPP",
        "frp": 4.12
      }
    },
    {
      "type": "Feature",
      "geometry": {
        "type": "Point",
        "coordinates": [
          45.77375,
          54.502
        ]
      },
      "properties": {
        "brightness": 348.75,
        "confidence": "n",
        "acq_date": "2026-05-03",
        "acq_time": "1049",
        "satellite": "VIIRS_SNPP",
        "frp": 6.35
      }
    },
    {
      "type": "Feature",
      "geometry": {
        "type": "Point",
        "coordinates": [
          48.6115,
          54.79152
        ]
      },
      "properties": {
        "brightness": 334.47,
        "confidence": "n",
        "acq_date": "2026-05-03",
        "acq_time": "1049",
        "satellite": "VIIRS_SNPP",
        "frp": 4.2
      }
    },
    {
      "type": "Feature",
      "geometry": {
        "type": "Point",
        "coordinates": [
          48.60237,
          54.79164
        ]
      },
      "properties": {
        "brightness": 339.26,
        "confidence": "n",
        "acq_date": "2026-05-03",
        "acq_time": "1049",
        "satellite": "VIIRS_SNPP",
        "frp": 4.2
      }
    },
    {
      "type": "Feature",
      "geometry": {
        "type": "Point",
        "coordinates": [
          51.90597,
          55.60129
        ]
      },
      "properties": {
        "brightness": 328.0,
        "confidence": "n",
        "acq_date": "2026-05-03",
        "acq_time": "1049",
        "satellite": "VIIRS_SNPP",
        "frp": 2.54
      }
    },
    {
      "type": "Feature",
      "geometry": {
        "type": "Point",
        "coordinates": [
          44.11326,
          56.28444
        ]
      },
      "properties": {
        "brightness": 367.0,
        "confidence": "h",
        "acq_date": "2026-05-03",
        "acq_time": "1049",
        "satellite": "VIIRS_SNPP",
        "frp": 10.59
      }
    },
    {
      "type": "Feature",
      "geometry": {
        "type": "Point",
        "coordinates": [
          44.11658,
          56.28547
        ]
      },
      "properties": {
        "brightness": 367.0,
        "confidence": "h",
        "acq_date": "2026-05-03",
        "acq_time": "1049",
        "satellite": "VIIRS_SNPP",
        "frp": 8.78
      }
    },
    {
      "type": "Feature",
      "geometry": {
        "type": "Point",
        "coordinates": [
          51.96843,
          55.59014
        ]
      },
      "properties": {
        "brightness": 298.6,
        "confidence": "n",
        "acq_date": "2026-05-01",
        "acq_time": "13",
        "satellite": "VIIRS_NOAA20",
        "frp": 1.07
      }
    },
    {
      "type": "Feature",
      "geometry": {
        "type": "Point",
        "coordinates": [
          51.90389,
          55.59977
        ]
      },
      "properties": {
        "brightness": 311.3,
        "confidence": "n",
        "acq_date": "2026-05-01",
        "acq_time": "13",
        "satellite": "VIIRS_NOAA20",
        "frp": 1.73
      }
    },
    {
      "type": "Feature",
      "geometry": {
        "type": "Point",
        "coordinates": [
          51.90629,
          55.60199
        ]
      },
      "properties": {
        "brightness": 308.95,
        "confidence": "n",
        "acq_date": "2026-05-01",
        "acq_time": "13",
        "satellite": "VIIRS_NOAA20",
        "frp": 2.22
      }
    },
    {
      "type": "Feature",
      "geometry": {
        "type": "Point",
        "coordinates": [
          50.90102,
          56.28756
        ]
      },
      "properties": {
        "brightness": 320.5,
        "confidence": "n",
        "acq_date": "2026-05-01",
        "acq_time": "13",
        "satellite": "VIIRS_NOAA20",
        "frp": 2.3
      }
    },
    {
      "type": "Feature",
      "geometry": {
        "type": "Point",
        "coordinates": [
          50.48178,
          56.99064
        ]
      },
      "properties": {
        "brightness": 306.55,
        "confidence": "n",
        "acq_date": "2026-05-01",
        "acq_time": "13",
        "satellite": "VIIRS_NOAA20",
        "frp": 0.73
      }
    },
    {
      "type": "Feature",
      "geometry": {
        "type": "Point",
        "coordinates": [
          48.95904,
          44.91562
        ]
      },
      "properties": {
        "brightness": 345.24,
        "confidence": "n",
        "acq_date": "2026-05-01",
        "acq_time": "822",
        "satellite": "VIIRS_NOAA20",
        "frp": 6.88
      }
    },
    {
      "type": "Feature",
      "geometry": {
        "type": "Point",
        "coordinates": [
          48.48082,
          45.0
        ]
      },
      "properties": {
        "brightness": 345.7,
        "confidence": "n",
        "acq_date": "2026-05-01",
        "acq_time": "822",
        "satellite": "VIIRS_NOAA20",
        "frp": 7.73
      }
    },
    {
      "type": "Feature",
      "geometry": {
        "type": "Point",
        "coordinates": [
          48.95993,
          44.9133
        ]
      },
      "properties": {
        "brightness": 335.24,
        "confidence": "n",
        "acq_date": "2026-05-01",
        "acq_time": "1002",
        "satellite": "VIIRS_NOAA20",
        "frp": 6.44
      }
    },
    {
      "type": "Feature",
      "geometry": {
        "type": "Point",
        "coordinates": [
          48.9598,
          44.91461
        ]
      },
      "properties": {
        "brightness": 338.05,
        "confidence": "n",
        "acq_date": "2026-05-01",
        "acq_time": "1002",
        "satellite": "VIIRS_NOAA20",
        "frp": 6.54
      }
    },
    {
      "type": "Feature",
      "geometry": {
        "type": "Point",
        "coordinates": [
          51.22301,
          52.87428
        ]
      },
      "properties": {
        "brightness": 301.34,
        "confidence": "n",
        "acq_date": "2026-05-01",
        "acq_time": "2216",
        "satellite": "VIIRS_NOAA20",
        "frp": 1.0
      }
    },
    {
      "type": "Feature",
      "geometry": {
        "type": "Point",
        "coordinates": [
          44.74592,
          54.08236
        ]
      },
      "properties": {
        "brightness": 306.15,
        "confidence": "n",
        "acq_date": "2026-05-01",
        "acq_time": "2216",
        "satellite": "VIIRS_NOAA20",
        "frp": 0.57
      }
    },
    {
      "type": "Feature",
      "geometry": {
        "type": "Point",
        "coordinates": [
          48.22844,
          54.21051
        ]
      },
      "properties": {
        "brightness": 296.25,
        "confidence": "n",
        "acq_date": "2026-05-01",
        "acq_time": "2216",
        "satellite": "VIIRS_NOAA20",
        "frp": 0.96
      }
    },
    {
      "type": "Feature",
      "geometry": {
        "type": "Point",
        "coordinates": [
          44.53209,
          50.90897
        ]
      },
      "properties": {
        "brightness": 301.44,
        "confidence": "n",
        "acq_date": "2026-05-01",
        "acq_time": "2218",
        "satellite": "VIIRS_NOAA20",
        "frp": 0.66
      }
    },
    {
      "type": "Feature",
      "geometry": {
        "type": "Point",
        "coordinates": [
          48.96105,
          44.91494
        ]
      },
      "properties": {
        "brightness": 329.08,
        "confidence": "n",
        "acq_date": "2026-05-01",
        "acq_time": "2220",
        "satellite": "VIIRS_NOAA20",
        "frp": 3.52
      }
    },
    {
      "type": "Feature",
      "geometry": {
        "type": "Point",
        "coordinates": [
          48.95607,
          44.9154
        ]
      },
      "properties": {
        "brightness": 337.16,
        "confidence": "n",
        "acq_date": "2026-05-01",
        "acq_time": "2220",
        "satellite": "VIIRS_NOAA20",
        "frp": 3.57
      }
    },
    {
      "type": "Feature",
      "geometry": {
        "type": "Point",
        "coordinates": [
          48.48287,
          45.0
        ]
      },
      "properties": {
        "brightness": 296.6,
        "confidence": "n",
        "acq_date": "2026-05-01",
        "acq_time": "2220",
        "satellite": "VIIRS_NOAA20",
        "frp": 2.94
      }
    },
    {
      "type": "Feature",
      "geometry": {
        "type": "Point",
        "coordinates": [
          48.47761,
          45.00047
        ]
      },
      "properties": {
        "brightness": 336.93,
        "confidence": "n",
        "acq_date": "2026-05-01",
        "acq_time": "2220",
        "satellite": "VIIRS_NOAA20",
        "frp": 2.94
      }
    },
    {
      "type": "Feature",
      "geometry": {
        "type": "Point",
        "coordinates": [
          48.47837,
          45.0046
        ]
      },
      "properties": {
        "brightness": 297.83,
        "confidence": "n",
        "acq_date": "2026-05-01",
        "acq_time": "2220",
        "satellite": "VIIRS_NOAA20",
        "frp": 2.94
      }
    },
    {
      "type": "Feature",
      "geometry": {
        "type": "Point",
        "coordinates": [
          51.22526,
          52.87405
        ]
      },
      "properties": {
        "brightness": 312.92,
        "confidence": "n",
        "acq_date": "2026-05-01",
        "acq_time": "2356",
        "satellite": "VIIRS_NOAA20",
        "frp": 1.48
      }
    },
    {
      "type": "Feature",
      "geometry": {
        "type": "Point",
        "coordinates": [
          48.9675,
          44.91513
        ]
      },
      "properties": {
        "brightness": 301.91,
        "confidence": "n",
        "acq_date": "2026-05-01",
        "acq_time": "2358",
        "satellite": "VIIRS_NOAA20",
        "frp": 3.63
      }
    },
    {
      "type": "Feature",
      "geometry": {
        "type": "Point",
        "coordinates": [
          48.96037,
          44.91758
        ]
      },
      "properties": {
        "brightness": 339.3,
        "confidence": "n",
        "acq_date": "2026-05-01",
        "acq_time": "2358",
        "satellite": "VIIRS_NOAA20",
        "frp": 3.63
      }
    },
    {
      "type": "Feature",
      "geometry": {
        "type": "Point",
        "coordinates": [
          48.48329,
          44.99802
        ]
      },
      "properties": {
        "brightness": 306.9,
        "confidence": "n",
        "acq_date": "2026-05-01",
        "acq_time": "2358",
        "satellite": "VIIRS_NOAA20",
        "frp": 1.24
      }
    },
    {
      "type": "Feature",
      "geometry": {
        "type": "Point",
        "coordinates": [
          48.48721,
          45.00387
        ]
      },
      "properties": {
        "brightness": 296.62,
        "confidence": "n",
        "acq_date": "2026-05-01",
        "acq_time": "2358",
        "satellite": "VIIRS_NOAA20",
        "frp": 1.24
      }
    },
    {
      "type": "Feature",
      "geometry": {
        "type": "Point",
        "coordinates": [
          41.499,
          52.71867
        ]
      },
      "properties": {
        "brightness": 300.66,
        "confidence": "n",
        "acq_date": "2026-05-01",
        "acq_time": "2358",
        "satellite": "VIIRS_NOAA20",
        "frp": 1.1
      }
    },
    {
      "type": "Feature",
      "geometry": {
        "type": "Point",
        "coordinates": [
          44.71322,
          50.34792
        ]
      },
      "properties": {
        "brightness": 331.68,
        "confidence": "n",
        "acq_date": "2026-05-02",
        "acq_time": "945",
        "satellite": "VIIRS_NOAA20",
        "frp": 2.41
      }
    },
    {
      "type": "Feature",
      "geometry": {
        "type": "Point",
        "coordinates": [
          42.71185,
          52.00356
        ]
      },
      "properties": {
        "brightness": 342.49,
        "confidence": "n",
        "acq_date": "2026-05-02",
        "acq_time": "945",
        "satellite": "VIIRS_NOAA20",
        "frp": 4.25
      }
    },
    {
      "type": "Feature",
      "geometry": {
        "type": "Point",
        "coordinates": [
          42.72293,
          52.00542
        ]
      },
      "properties": {
        "brightness": 333.26,
        "confidence": "l",
        "acq_date": "2026-05-02",
        "acq_time": "945",
        "satellite": "VIIRS_NOAA20",
        "frp": 4.05
      }
    },
    {
      "type": "Feature",
      "geometry": {
        "type": "Point",
        "coordinates": [
          42.55632,
          52.95692
        ]
      },
      "properties": {
        "brightness": 328.24,
        "confidence": "n",
        "acq_date": "2026-05-02",
        "acq_time": "945",
        "satellite": "VIIRS_NOAA20",
        "frp": 2.1
      }
    },
    {
      "type": "Feature",
      "geometry": {
        "type": "Point",
        "coordinates": [
          43.60925,
          53.1008
        ]
      },
      "properties": {
        "brightness": 330.9,
        "confidence": "n",
        "acq_date": "2026-05-02",
        "acq_time": "945",
        "satellite": "VIIRS_NOAA20",
        "frp": 2.62
      }
    },
    {
      "type": "Feature",
      "geometry": {
        "type": "Point",
        "coordinates": [
          44.42379,
          53.6594
        ]
      },
      "properties": {
        "brightness": 331.58,
        "confidence": "n",
        "acq_date": "2026-05-02",
        "acq_time": "945",
        "satellite": "VIIRS_NOAA20",
        "frp": 5.39
      }
    },
    {
      "type": "Feature",
      "geometry": {
        "type": "Point",
        "coordinates": [
          44.25912,
          54.02709
        ]
      },
      "properties": {
        "brightness": 330.79,
        "confidence": "n",
        "acq_date": "2026-05-02",
        "acq_time": "945",
        "satellite": "VIIRS_NOAA20",
        "frp": 2.5
      }
    },
    {
      "type": "Feature",
      "geometry": {
        "type": "Point",
        "coordinates": [
          51.90084,
          55.60072
        ]
      },
      "properties": {
        "brightness": 314.84,
        "confidence": "n",
        "acq_date": "2026-05-02",
        "acq_time": "2155",
        "satellite": "VIIRS_NOAA20",
        "frp": 1.88
      }
    },
    {
      "type": "Feature",
      "geometry": {
        "type": "Point",
        "coordinates": [
          51.9412,
          55.60883
        ]
      },
      "properties": {
        "brightness": 300.86,
        "confidence": "n",
        "acq_date": "2026-05-02",
        "acq_time": "2155",
        "satellite": "VIIRS_NOAA20",
        "frp": 1.9
      }
    },
    {
      "type": "Feature",
      "geometry": {
        "type": "Point",
        "coordinates": [
          51.00883,
          53.1889
        ]
      },
      "properties": {
        "brightness": 298.3,
        "confidence": "n",
        "acq_date": "2026-05-02",
        "acq_time": "2157",
        "satellite": "VIIRS_NOAA20",
        "frp": 1.39
      }
    },
    {
      "type": "Feature",
      "geometry": {
        "type": "Point",
        "coordinates": [
          50.9973,
          53.18924
        ]
      },
      "properties": {
        "brightness": 315.35,
        "confidence": "n",
        "acq_date": "2026-05-02",
        "acq_time": "2157",
        "satellite": "VIIRS_NOAA20",
        "frp": 3.39
      }
    },
    {
      "type": "Feature",
      "geometry": {
        "type": "Point",
        "coordinates": [
          50.9994,
          53.18933
        ]
      },
      "properties": {
        "brightness": 310.83,
        "confidence": "n",
        "acq_date": "2026-05-02",
        "acq_time": "2157",
        "satellite": "VIIRS_NOAA20",
        "frp": 2.26
      }
    },
    {
      "type": "Feature",
      "geometry": {
        "type": "Point",
        "coordinates": [
          50.31574,
          53.32055
        ]
      },
      "properties": {
        "brightness": 312.05,
        "confidence": "n",
        "acq_date": "2026-05-02",
        "acq_time": "2157",
        "satellite": "VIIRS_NOAA20",
        "frp": 0.92
      }
    },
    {
      "type": "Feature",
      "geometry": {
        "type": "Point",
        "coordinates": [
          50.31649,
          53.32569
        ]
      },
      "properties": {
        "brightness": 296.76,
        "confidence": "n",
        "acq_date": "2026-05-02",
        "acq_time": "2157",
        "satellite": "VIIRS_NOAA20",
        "frp": 0.27
      }
    },
    {
      "type": "Feature",
      "geometry": {
        "type": "Point",
        "coordinates": [
          48.9607,
          44.91421
        ]
      },
      "properties": {
        "brightness": 316.54,
        "confidence": "n",
        "acq_date": "2026-05-02",
        "acq_time": "2159",
        "satellite": "VIIRS_NOAA20",
        "frp": 3.38
      }
    },
    {
      "type": "Feature",
      "geometry": {
        "type": "Point",
        "coordinates": [
          48.95645,
          44.91444
        ]
      },
      "properties": {
        "brightness": 341.14,
        "confidence": "n",
        "acq_date": "2026-05-02",
        "acq_time": "2159",
        "satellite": "VIIRS_NOAA20",
        "frp": 3.83
      }
    },
    {
      "type": "Feature",
      "geometry": {
        "type": "Point",
        "coordinates": [
          43.66761,
          52.46943
        ]
      },
      "properties": {
        "brightness": 299.39,
        "confidence": "n",
        "acq_date": "2026-05-02",
        "acq_time": "2337",
        "satellite": "VIIRS_NOAA20",
        "frp": 0.9
      }
    },
    {
      "type": "Feature",
      "geometry": {
        "type": "Point",
        "coordinates": [
          51.4161,
          52.92403
        ]
      },
      "properties": {
        "brightness": 300.85,
        "confidence": "n",
        "acq_date": "2026-05-02",
        "acq_time": "2337",
        "satellite": "VIIRS_NOAA20",
        "frp": 1.03
      }
    },
    {
      "type": "Feature",
      "geometry": {
        "type": "Point",
        "coordinates": [
          51.2307,
          53.0781
        ]
      },
      "properties": {
        "brightness": 295.3,
        "confidence": "n",
        "acq_date": "2026-05-02",
        "acq_time": "2337",
        "satellite": "VIIRS_NOAA20",
        "frp": 0.52
      }
    },
    {
      "type": "Feature",
      "geometry": {
        "type": "Point",
        "coordinates": [
          51.0014,
          53.18683
        ]
      },
      "properties": {
        "brightness": 310.77,
        "confidence": "n",
        "acq_date": "2026-05-02",
        "acq_time": "2337",
        "satellite": "VIIRS_NOAA20",
        "frp": 1.87
      }
    },
    {
      "type": "Feature",
      "geometry": {
        "type": "Point",
        "coordinates": [
          51.00462,
          53.191
        ]
      },
      "properties": {
        "brightness": 297.18,
        "confidence": "n",
        "acq_date": "2026-05-02",
        "acq_time": "2337",
        "satellite": "VIIRS_NOAA20",
        "frp": 1.87
      }
    },
    {
      "type": "Feature",
      "geometry": {
        "type": "Point",
        "coordinates": [
          42.18051,
          55.38498
        ]
      },
      "properties": {
        "brightness": 300.04,
        "confidence": "n",
        "acq_date": "2026-05-02",
        "acq_time": "2337",
        "satellite": "VIIRS_NOAA20",
        "frp": 0.8
      }
    },
    {
      "type": "Feature",
      "geometry": {
        "type": "Point",
        "coordinates": [
          51.96333,
          55.58884
        ]
      },
      "properties": {
        "brightness": 303.09,
        "confidence": "n",
        "acq_date": "2026-05-02",
        "acq_time": "2337",
        "satellite": "VIIRS_NOAA20",
        "frp": 1.1
      }
    },
    {
      "type": "Feature",
      "geometry": {
        "type": "Point",
        "coordinates": [
          51.96299,
          55.5899
        ]
      },
      "properties": {
        "brightness": 300.61,
        "confidence": "n",
        "acq_date": "2026-05-02",
        "acq_time": "2337",
        "satellite": "VIIRS_NOAA20",
        "frp": 0.9
      }
    },
    {
      "type": "Feature",
      "geometry": {
        "type": "Point",
        "coordinates": [
          51.90233,
          55.59651
        ]
      },
      "properties": {
        "brightness": 301.11,
        "confidence": "n",
        "acq_date": "2026-05-02",
        "acq_time": "2337",
        "satellite": "VIIRS_NOAA20",
        "frp": 0.74
      }
    },
    {
      "type": "Feature",
      "geometry": {
        "type": "Point",
        "coordinates": [
          51.90566,
          55.59923
        ]
      },
      "properties": {
        "brightness": 306.82,
        "confidence": "n",
        "acq_date": "2026-05-02",
        "acq_time": "2337",
        "satellite": "VIIRS_NOAA20",
        "frp": 1.83
      }
    },
    {
      "type": "Feature",
      "geometry": {
        "type": "Point",
        "coordinates": [
          51.9056,
          55.60049
        ]
      },
      "properties": {
        "brightness": 300.66,
        "confidence": "n",
        "acq_date": "2026-05-02",
        "acq_time": "2337",
        "satellite": "VIIRS_NOAA20",
        "frp": 1.08
      }
    },
    {
      "type": "Feature",
      "geometry": {
        "type": "Point",
        "coordinates": [
          51.89908,
          55.60097
        ]
      },
      "properties": {
        "brightness": 298.26,
        "confidence": "n",
        "acq_date": "2026-05-02",
        "acq_time": "2337",
        "satellite": "VIIRS_NOAA20",
        "frp": 1.32
      }
    },
    {
      "type": "Feature",
      "geometry": {
        "type": "Point",
        "coordinates": [
          51.89907,
          55.60225
        ]
      },
      "properties": {
        "brightness": 296.93,
        "confidence": "n",
        "acq_date": "2026-05-02",
        "acq_time": "2337",
        "satellite": "VIIRS_NOAA20",
        "frp": 1.08
      }
    },
    {
      "type": "Feature",
      "geometry": {
        "type": "Point",
        "coordinates": [
          51.92887,
          55.60884
        ]
      },
      "properties": {
        "brightness": 298.21,
        "confidence": "n",
        "acq_date": "2026-05-02",
        "acq_time": "2337",
        "satellite": "VIIRS_NOAA20",
        "frp": 1.02
      }
    },
    {
      "type": "Feature",
      "geometry": {
        "type": "Point",
        "coordinates": [
          48.61512,
          54.78885
        ]
      },
      "properties": {
        "brightness": 332.9,
        "confidence": "n",
        "acq_date": "2026-05-03",
        "acq_time": "748",
        "satellite": "VIIRS_NOAA20",
        "frp": 3.42
      }
    },
    {
      "type": "Feature",
      "geometry": {
        "type": "Point",
        "coordinates": [
          48.61228,
          54.79342
        ]
      },
      "properties": {
        "brightness": 334.26,
        "confidence": "n",
        "acq_date": "2026-05-03",
        "acq_time": "748",
        "satellite": "VIIRS_NOAA20",
        "frp": 6.19
      }
    },
    {
      "type": "Feature",
      "geometry": {
        "type": "Point",
        "coordinates": [
          48.60822,
          54.79427
        ]
      },
      "properties": {
        "brightness": 327.97,
        "confidence": "n",
        "acq_date": "2026-05-03",
        "acq_time": "748",
        "satellite": "VIIRS_NOAA20",
        "frp": 3.26
      }
    },
    {
      "type": "Feature",
      "geometry": {
        "type": "Point",
        "coordinates": [
          51.10618,
          56.02301
        ]
      },
      "properties": {
        "brightness": 325.16,
        "confidence": "n",
        "acq_date": "2026-05-03",
        "acq_time": "748",
        "satellite": "VIIRS_NOAA20",
        "frp": 3.53
      }
    },
    {
      "type": "Feature",
      "geometry": {
        "type": "Point",
        "coordinates": [
          42.16404,
          57.8643
        ]
      },
      "properties": {
        "brightness": 336.45,
        "confidence": "n",
        "acq_date": "2026-05-03",
        "acq_time": "750",
        "satellite": "VIIRS_NOAA20",
        "frp": 6.14
      }
    },
    {
      "type": "Feature",
      "geometry": {
        "type": "Point",
        "coordinates": [
          48.64721,
          46.1084
        ]
      },
      "properties": {
        "brightness": 339.35,
        "confidence": "n",
        "acq_date": "2026-05-03",
        "acq_time": "926",
        "satellite": "VIIRS_NOAA20",
        "frp": 4.43
      }
    },
    {
      "type": "Feature",
      "geometry": {
        "type": "Point",
        "coordinates": [
          48.64597,
          46.11174
        ]
      },
      "properties": {
        "brightness": 328.74,
        "confidence": "n",
        "acq_date": "2026-05-03",
        "acq_time": "926",
        "satellite": "VIIRS_NOAA20",
        "frp": 4.25
      }
    },
    {
      "type": "Feature",
      "geometry": {
        "type": "Point",
        "coordinates": [
          49.65787,
          46.43496
        ]
      },
      "properties": {
        "brightness": 339.13,
        "confidence": "n",
        "acq_date": "2026-05-03",
        "acq_time": "926",
        "satellite": "VIIRS_NOAA20",
        "frp": 1.78
      }
    },
    {
      "type": "Feature",
      "geometry": {
        "type": "Point",
        "coordinates": [
          41.84563,
          47.48932
        ]
      },
      "properties": {
        "brightness": 345.88,
        "confidence": "n",
        "acq_date": "2026-05-03",
        "acq_time": "926",
        "satellite": "VIIRS_NOAA20",
        "frp": 7.53
      }
    },
    {
      "type": "Feature",
      "geometry": {
        "type": "Point",
        "coordinates": [
          47.12073,
          50.88161
        ]
      },
      "properties": {
        "brightness": 340.84,
        "confidence": "n",
        "acq_date": "2026-05-03",
        "acq_time": "926",
        "satellite": "VIIRS_NOAA20",
        "frp": 4.95
      }
    },
    {
      "type": "Feature",
      "geometry": {
        "type": "Point",
        "coordinates": [
          43.10229,
          51.65768
        ]
      },
      "properties": {
        "brightness": 343.32,
        "confidence": "n",
        "acq_date": "2026-05-03",
        "acq_time": "928",
        "satellite": "VIIRS_NOAA20",
        "frp": 6.91
      }
    },
    {
      "type": "Feature",
      "geometry": {
        "type": "Point",
        "coordinates": [
          43.10039,
          51.66121
        ]
      },
      "properties": {
        "brightness": 333.68,
        "confidence": "n",
        "acq_date": "2026-05-03",
        "acq_time": "928",
        "satellite": "VIIRS_NOAA20",
        "frp": 7.79
      }
    },
    {
      "type": "Feature",
      "geometry": {
        "type": "Point",
        "coordinates": [
          43.09182,
          51.66333
        ]
      },
      "properties": {
        "brightness": 335.79,
        "confidence": "n",
        "acq_date": "2026-05-03",
        "acq_time": "928",
        "satellite": "VIIRS_NOAA20",
        "frp": 7.79
      }
    },
    {
      "type": "Feature",
      "geometry": {
        "type": "Point",
        "coordinates": [
          43.0985,
          51.66474
        ]
      },
      "properties": {
        "brightness": 355.8,
        "confidence": "n",
        "acq_date": "2026-05-03",
        "acq_time": "928",
        "satellite": "VIIRS_NOAA20",
        "frp": 7.79
      }
    },
    {
      "type": "Feature",
      "geometry": {
        "type": "Point",
        "coordinates": [
          43.10518,
          51.66614
        ]
      },
      "properties": {
        "brightness": 336.18,
        "confidence": "n",
        "acq_date": "2026-05-03",
        "acq_time": "928",
        "satellite": "VIIRS_NOAA20",
        "frp": 4.51
      }
    },
    {
      "type": "Feature",
      "geometry": {
        "type": "Point",
        "coordinates": [
          43.08992,
          51.66685
        ]
      },
      "properties": {
        "brightness": 336.65,
        "confidence": "n",
        "acq_date": "2026-05-03",
        "acq_time": "928",
        "satellite": "VIIRS_NOAA20",
        "frp": 6.5
      }
    },
    {
      "type": "Feature",
      "geometry": {
        "type": "Point",
        "coordinates": [
          43.09661,
          51.66826
        ]
      },
      "properties": {
        "brightness": 351.19,
        "confidence": "n",
        "acq_date": "2026-05-03",
        "acq_time": "928",
        "satellite": "VIIRS_NOAA20",
        "frp": 6.5
      }
    },
    {
      "type": "Feature",
      "geometry": {
        "type": "Point",
        "coordinates": [
          41.1651,
          51.7141
        ]
      },
      "properties": {
        "brightness": 343.09,
        "confidence": "n",
        "acq_date": "2026-05-03",
        "acq_time": "928",
        "satellite": "VIIRS_NOAA20",
        "frp": 8.7
      }
    },
    {
      "type": "Feature",
      "geometry": {
        "type": "Point",
        "coordinates": [
          41.00298,
          52.26828
        ]
      },
      "properties": {
        "brightness": 333.55,
        "confidence": "n",
        "acq_date": "2026-05-03",
        "acq_time": "928",
        "satellite": "VIIRS_NOAA20",
        "frp": 6.08
      }
    },
    {
      "type": "Feature",
      "geometry": {
        "type": "Point",
        "coordinates": [
          42.9183,
          52.3009
        ]
      },
      "properties": {
        "brightness": 347.02,
        "confidence": "n",
        "acq_date": "2026-05-03",
        "acq_time": "928",
        "satellite": "VIIRS_NOAA20",
        "frp": 30.01
      }
    },
    {
      "type": "Feature",
      "geometry": {
        "type": "Point",
        "coordinates": [
          42.90972,
          52.30301
        ]
      },
      "properties": {
        "brightness": 330.35,
        "confidence": "n",
        "acq_date": "2026-05-03",
        "acq_time": "928",
        "satellite": "VIIRS_NOAA20",
        "frp": 12.13
      }
    },
    {
      "type": "Feature",
      "geometry": {
        "type": "Point",
        "coordinates": [
          42.91636,
          52.3044
        ]
      },
      "properties": {
        "brightness": 346.54,
        "confidence": "n",
        "acq_date": "2026-05-03",
        "acq_time": "928",
        "satellite": "VIIRS_NOAA20",
        "frp": 30.01
      }
    },
    {
      "type": "Feature",
      "geometry": {
        "type": "Point",
        "coordinates": [
          42.24666,
          53.19414
        ]
      },
      "properties": {
        "brightness": 332.53,
        "confidence": "n",
        "acq_date": "2026-05-03",
        "acq_time": "928",
        "satellite": "VIIRS_NOAA20",
        "frp": 3.99
      }
    },
    {
      "type": "Feature",
      "geometry": {
        "type": "Point",
        "coordinates": [
          44.39046,
          53.8359
        ]
      },
      "properties": {
        "brightness": 329.16,
        "confidence": "n",
        "acq_date": "2026-05-03",
        "acq_time": "928",
        "satellite": "VIIRS_NOAA20",
        "frp": 1.62
      }
    },
    {
      "type": "Feature",
      "geometry": {
        "type": "Point",
        "coordinates": [
          44.67223,
          53.97872
        ]
      },
      "properties": {
        "brightness": 329.37,
        "confidence": "l",
        "acq_date": "2026-05-03",
        "acq_time": "928",
        "satellite": "VIIRS_NOAA20",
        "frp": 2.57
      }
    },
    {
      "type": "Feature",
      "geometry": {
        "type": "Point",
        "coordinates": [
          44.67823,
          53.97983
        ]
      },
      "properties": {
        "brightness": 341.85,
        "confidence": "n",
        "acq_date": "2026-05-03",
        "acq_time": "928",
        "satellite": "VIIRS_NOAA20",
        "frp": 2.57
      }
    },
    {
      "type": "Feature",
      "geometry": {
        "type": "Point",
        "coordinates": [
          44.89668,
          54.02715
        ]
      },
      "properties": {
        "brightness": 341.9,
        "confidence": "n",
        "acq_date": "2026-05-03",
        "acq_time": "928",
        "satellite": "VIIRS_NOAA20",
        "frp": 7.79
      }
    },
    {
      "type": "Feature",
      "geometry": {
        "type": "Point",
        "coordinates": [
          45.27375,
          54.10235
        ]
      },
      "properties": {
        "brightness": 333.36,
        "confidence": "n",
        "acq_date": "2026-05-03",
        "acq_time": "928",
        "satellite": "VIIRS_NOAA20",
        "frp": 2.18
      }
    },
    {
      "type": "Feature",
      "geometry": {
        "type": "Point",
        "coordinates": [
          45.84836,
          54.1834
        ]
      },
      "properties": {
        "brightness": 333.67,
        "confidence": "n",
        "acq_date": "2026-05-03",
        "acq_time": "928",
        "satellite": "VIIRS_NOAA20",
        "frp": 2.68
      }
    },
    {
      "type": "Feature",
      "geometry": {
        "type": "Point",
        "coordinates": [
          45.84567,
          54.18519
        ]
      },
      "properties": {
        "brightness": 331.45,
        "confidence": "n",
        "acq_date": "2026-05-03",
        "acq_time": "928",
        "satellite": "VIIRS_NOAA20",
        "frp": 2.31
      }
    },
    {
      "type": "Feature",
      "geometry": {
        "type": "Point",
        "coordinates": [
          45.84988,
          54.18944
        ]
      },
      "properties": {
        "brightness": 329.01,
        "confidence": "n",
        "acq_date": "2026-05-03",
        "acq_time": "928",
        "satellite": "VIIRS_NOAA20",
        "frp": 2.31
      }
    },
    {
      "type": "Feature",
      "geometry": {
        "type": "Point",
        "coordinates": [
          45.76587,
          54.49966
        ]
      },
      "properties": {
        "brightness": 342.68,
        "confidence": "n",
        "acq_date": "2026-05-03",
        "acq_time": "928",
        "satellite": "VIIRS_NOAA20",
        "frp": 3.78
      }
    },
    {
      "type": "Feature",
      "geometry": {
        "type": "Point",
        "coordinates": [
          48.61,
          54.79062
        ]
      },
      "properties": {
        "brightness": 336.94,
        "confidence": "n",
        "acq_date": "2026-05-03",
        "acq_time": "928",
        "satellite": "VIIRS_NOAA20",
        "frp": 3.19
      }
    },
    {
      "type": "Feature",
      "geometry": {
        "type": "Point",
        "coordinates": [
          45.65889,
          55.20147
        ]
      },
      "properties": {
        "brightness": 342.77,
        "confidence": "n",
        "acq_date": "2026-05-03",
        "acq_time": "928",
        "satellite": "VIIRS_NOAA20",
        "frp": 3.93
      }
    },
    {
      "type": "Feature",
      "geometry": {
        "type": "Point",
        "coordinates": [
          51.25946,
          55.36851
        ]
      },
      "properties": {
        "brightness": 329.81,
        "confidence": "n",
        "acq_date": "2026-05-03",
        "acq_time": "928",
        "satellite": "VIIRS_NOAA20",
        "frp": 2.85
      }
    },
    {
      "type": "Feature",
      "geometry": {
        "type": "Point",
        "coordinates": [
          51.02973,
          55.38496
        ]
      },
      "properties": {
        "brightness": 346.78,
        "confidence": "n",
        "acq_date": "2026-05-03",
        "acq_time": "928",
        "satellite": "VIIRS_NOAA20",
        "frp": 12.38
      }
    },
    {
      "type": "Feature",
      "geometry": {
        "type": "Point",
        "coordinates": [
          51.03016,
          55.38708
        ]
      },
      "properties": {
        "brightness": 350.56,
        "confidence": "n",
        "acq_date": "2026-05-03",
        "acq_time": "928",
        "satellite": "VIIRS_NOAA20",
        "frp": 7.95
      }
    },
    {
      "type": "Feature",
      "geometry": {
        "type": "Point",
        "coordinates": [
          51.03677,
          55.3879
        ]
      },
      "properties": {
        "brightness": 329.41,
        "confidence": "n",
        "acq_date": "2026-05-03",
        "acq_time": "928",
        "satellite": "VIIRS_NOAA20",
        "frp": 7.95
      }
    },
    {
      "type": "Feature",
      "geometry": {
        "type": "Point",
        "coordinates": [
          51.03513,
          55.38919
        ]
      },
      "properties": {
        "brightness": 327.69,
        "confidence": "n",
        "acq_date": "2026-05-03",
        "acq_time": "928",
        "satellite": "VIIRS_NOAA20",
        "frp": 4.83
      }
    },
    {
      "type": "Feature",
      "geometry": {
        "type": "Point",
        "coordinates": [
          51.29191,
          55.44871
        ]
      },
      "properties": {
        "brightness": 328.24,
        "confidence": "n",
        "acq_date": "2026-05-03",
        "acq_time": "928",
        "satellite": "VIIRS_NOAA20",
        "frp": 2.06
      }
    },
    {
      "type": "Feature",
      "geometry": {
        "type": "Point",
        "coordinates": [
          42.42401,
          55.82783
        ]
      },
      "properties": {
        "brightness": 334.98,
        "confidence": "n",
        "acq_date": "2026-05-03",
        "acq_time": "928",
        "satellite": "VIIRS_NOAA20",
        "frp": 3.59
      }
    },
    {
      "type": "Feature",
      "geometry": {
        "type": "Point",
        "coordinates": [
          44.10918,
          56.28421
        ]
      },
      "properties": {
        "brightness": 327.38,
        "confidence": "n",
        "acq_date": "2026-05-03",
        "acq_time": "928",
        "satellite": "VIIRS_NOAA20",
        "frp": 5.18
      }
    },
    {
      "type": "Feature",
      "geometry": {
        "type": "Point",
        "coordinates": [
          44.11537,
          56.28531
        ]
      },
      "properties": {
        "brightness": 331.13,
        "confidence": "n",
        "acq_date": "2026-05-03",
        "acq_time": "928",
        "satellite": "VIIRS_NOAA20",
        "frp": 6.65
      }
    },
    {
      "type": "Feature",
      "geometry": {
        "type": "Point",
        "coordinates": [
          41.28505,
          57.43809
        ]
      },
      "properties": {
        "brightness": 332.97,
        "confidence": "n",
        "acq_date": "2026-05-03",
        "acq_time": "928",
        "satellite": "VIIRS_NOAA20",
        "frp": 5.18
      }
    },
    {
      "type": "Feature",
      "geometry": {
        "type": "Point",
        "coordinates": [
          41.28281,
          57.44139
        ]
      },
      "properties": {
        "brightness": 341.94,
        "confidence": "n",
        "acq_date": "2026-05-03",
        "acq_time": "928",
        "satellite": "VIIRS_NOAA20",
        "frp": 5.09
      }
    },
    {
      "type": "Feature",
      "geometry": {
        "type": "Point",
        "coordinates": [
          41.63068,
          51.74766
        ]
      },
      "properties": {
        "brightness": 339.17,
        "confidence": "n",
        "acq_date": "2026-05-03",
        "acq_time": "1108",
        "satellite": "VIIRS_NOAA20",
        "frp": 5.0
      }
    },
    {
      "type": "Feature",
      "geometry": {
        "type": "Point",
        "coordinates": [
          41.62927,
          51.74915
        ]
      },
      "properties": {
        "brightness": 330.85,
        "confidence": "n",
        "acq_date": "2026-05-03",
        "acq_time": "1108",
        "satellite": "VIIRS_NOAA20",
        "frp": 5.67
      }
    },
    {
      "type": "Feature",
      "geometry": {
        "type": "Point",
        "coordinates": [
          42.39209,
          52.00934
        ]
      },
      "properties": {
        "brightness": 329.93,
        "confidence": "n",
        "acq_date": "2026-05-03",
        "acq_time": "1108",
        "satellite": "VIIRS_NOAA20",
        "frp": 3.74
      }
    },
    {
      "type": "Feature",
      "geometry": {
        "type": "Point",
        "coordinates": [
          42.68566,
          52.0784
        ]
      },
      "properties": {
        "brightness": 348.71,
        "confidence": "n",
        "acq_date": "2026-05-03",
        "acq_time": "1108",
        "satellite": "VIIRS_NOAA20",
        "frp": 8.3
      }
    },
    {
      "type": "Feature",
      "geometry": {
        "type": "Point",
        "coordinates": [
          42.87002,
          52.2702
        ]
      },
      "properties": {
        "brightness": 328.57,
        "confidence": "n",
        "acq_date": "2026-05-03",
        "acq_time": "1108",
        "satellite": "VIIRS_NOAA20",
        "frp": 3.71
      }
    },
    {
      "type": "Feature",
      "geometry": {
        "type": "Point",
        "coordinates": [
          42.65322,
          52.29195
        ]
      },
      "properties": {
        "brightness": 367.0,
        "confidence": "h",
        "acq_date": "2026-05-03",
        "acq_time": "1108",
        "satellite": "VIIRS_NOAA20",
        "frp": 11.86
      }
    },
    {
      "type": "Feature",
      "geometry": {
        "type": "Point",
        "coordinates": [
          42.65343,
          52.29841
        ]
      },
      "properties": {
        "brightness": 336.35,
        "confidence": "n",
        "acq_date": "2026-05-03",
        "acq_time": "1108",
        "satellite": "VIIRS_NOAA20",
        "frp": 7.59
      }
    },
    {
      "type": "Feature",
      "geometry": {
        "type": "Point",
        "coordinates": [
          41.35678,
          52.84037
        ]
      },
      "properties": {
        "brightness": 332.43,
        "confidence": "n",
        "acq_date": "2026-05-03",
        "acq_time": "1108",
        "satellite": "VIIRS_NOAA20",
        "frp": 4.29
      }
    },
    {
      "type": "Feature",
      "geometry": {
        "type": "Point",
        "coordinates": [
          41.06651,
          52.93121
        ]
      },
      "properties": {
        "brightness": 353.2,
        "confidence": "n",
        "acq_date": "2026-05-03",
        "acq_time": "1108",
        "satellite": "VIIRS_NOAA20",
        "frp": 6.24
      }
    },
    {
      "type": "Feature",
      "geometry": {
        "type": "Point",
        "coordinates": [
          44.15285,
          53.9644
        ]
      },
      "properties": {
        "brightness": 349.44,
        "confidence": "n",
        "acq_date": "2026-05-03",
        "acq_time": "1108",
        "satellite": "VIIRS_NOAA20",
        "frp": 9.85
      }
    },
    {
      "type": "Feature",
      "geometry": {
        "type": "Point",
        "coordinates": [
          44.14753,
          53.96504
        ]
      },
      "properties": {
        "brightness": 338.27,
        "confidence": "n",
        "acq_date": "2026-05-03",
        "acq_time": "1108",
        "satellite": "VIIRS_NOAA20",
        "frp": 7.22
      }
    },
    {
      "type": "Feature",
      "geometry": {
        "type": "Point",
        "coordinates": [
          45.77338,
          54.49384
        ]
      },
      "properties": {
        "brightness": 367.0,
        "confidence": "h",
        "acq_date": "2026-05-03",
        "acq_time": "1108",
        "satellite": "VIIRS_NOAA20",
        "frp": 9.6
      }
    },
    {
      "type": "Feature",
      "geometry": {
        "type": "Point",
        "coordinates": [
          45.77453,
          54.50105
        ]
      },
      "properties": {
        "brightness": 356.39,
        "confidence": "n",
        "acq_date": "2026-05-03",
        "acq_time": "1108",
        "satellite": "VIIRS_NOAA20",
        "frp": 10.52
      }
    },
    {
      "type": "Feature",
      "geometry": {
        "type": "Point",
        "coordinates": [
          44.28446,
          56.15035
        ]
      },
      "properties": {
        "brightness": 329.49,
        "confidence": "n",
        "acq_date": "2026-05-03",
        "acq_time": "1110",
        "satellite": "VIIRS_NOAA20",
        "frp": 4.68
      }
    },
    {
      "type": "Feature",
      "geometry": {
        "type": "Point",
        "coordinates": [
          44.28287,
          56.15063
        ]
      },
      "properties": {
        "brightness": 330.63,
        "confidence": "n",
        "acq_date": "2026-05-03",
        "acq_time": "1110",
        "satellite": "VIIRS_NOAA20",
        "frp": 3.36
      }
    },
    {
      "type": "Feature",
      "geometry": {
        "type": "Point",
        "coordinates": [
          48.47881,
          44.9996
        ]
      },
      "properties": {
        "brightness": 330.52,
        "confidence": "n",
        "acq_date": "2026-05-01",
        "acq_time": "911",
        "satellite": "VIIRS_NOAA21",
        "frp": 9.17
      }
    },
    {
      "type": "Feature",
      "geometry": {
        "type": "Point",
        "coordinates": [
          49.64959,
          46.43821
        ]
      },
      "properties": {
        "brightness": 348.87,
        "confidence": "n",
        "acq_date": "2026-05-01",
        "acq_time": "911",
        "satellite": "VIIRS_NOAA21",
        "frp": 16.73
      }
    },
    {
      "type": "Feature",
      "geometry": {
        "type": "Point",
        "coordinates": [
          51.41657,
          52.92405
        ]
      },
      "properties": {
        "brightness": 330.14,
        "confidence": "n",
        "acq_date": "2026-05-01",
        "acq_time": "913",
        "satellite": "VIIRS_NOAA21",
        "frp": 2.08
      }
    },
    {
      "type": "Feature",
      "geometry": {
        "type": "Point",
        "coordinates": [
          41.61805,
          51.6854
        ]
      },
      "properties": {
        "brightness": 325.55,
        "confidence": "n",
        "acq_date": "2026-05-01",
        "acq_time": "1053",
        "satellite": "VIIRS_NOAA21",
        "frp": 1.98
      }
    },
    {
      "type": "Feature",
      "geometry": {
        "type": "Point",
        "coordinates": [
          41.28768,
          51.96605
        ]
      },
      "properties": {
        "brightness": 329.66,
        "confidence": "n",
        "acq_date": "2026-05-01",
        "acq_time": "1053",
        "satellite": "VIIRS_NOAA21",
        "frp": 2.16
      }
    },
    {
      "type": "Feature",
      "geometry": {
        "type": "Point",
        "coordinates": [
          43.23892,
          50.09216
        ]
      },
      "properties": {
        "brightness": 295.66,
        "confidence": "n",
        "acq_date": "2026-05-01",
        "acq_time": "2305",
        "satellite": "VIIRS_NOAA21",
        "frp": 0.83
      }
    },
    {
      "type": "Feature",
      "geometry": {
        "type": "Point",
        "coordinates": [
          45.75917,
          51.814
        ]
      },
      "properties": {
        "brightness": 304.81,
        "confidence": "n",
        "acq_date": "2026-05-01",
        "acq_time": "2305",
        "satellite": "VIIRS_NOAA21",
        "frp": 1.42
      }
    },
    {
      "type": "Feature",
      "geometry": {
        "type": "Point",
        "coordinates": [
          51.22332,
          52.87309
        ]
      },
      "properties": {
        "brightness": 316.4,
        "confidence": "n",
        "acq_date": "2026-05-01",
        "acq_time": "2305",
        "satellite": "VIIRS_NOAA21",
        "frp": 1.41
      }
    },
    {
      "type": "Feature",
      "geometry": {
        "type": "Point",
        "coordinates": [
          51.41805,
          52.92477
        ]
      },
      "properties": {
        "brightness": 318.65,
        "confidence": "n",
        "acq_date": "2026-05-01",
        "acq_time": "2305",
        "satellite": "VIIRS_NOAA21",
        "frp": 2.68
      }
    },
    {
      "type": "Feature",
      "geometry": {
        "type": "Point",
        "coordinates": [
          44.7441,
          54.08038
        ]
      },
      "properties": {
        "brightness": 302.64,
        "confidence": "n",
        "acq_date": "2026-05-01",
        "acq_time": "2305",
        "satellite": "VIIRS_NOAA21",
        "frp": 0.93
      }
    },
    {
      "type": "Feature",
      "geometry": {
        "type": "Point",
        "coordinates": [
          42.1774,
          55.38295
        ]
      },
      "properties": {
        "brightness": 324.94,
        "confidence": "n",
        "acq_date": "2026-05-01",
        "acq_time": "2305",
        "satellite": "VIIRS_NOAA21",
        "frp": 3.57
      }
    },
    {
      "type": "Feature",
      "geometry": {
        "type": "Point",
        "coordinates": [
          48.48145,
          45.00088
        ]
      },
      "properties": {
        "brightness": 303.92,
        "confidence": "n",
        "acq_date": "2026-05-01",
        "acq_time": "2307",
        "satellite": "VIIRS_NOAA21",
        "frp": 0.97
      }
    },
    {
      "type": "Feature",
      "geometry": {
        "type": "Point",
        "coordinates": [
          51.64201,
          47.47502
        ]
      },
      "properties": {
        "brightness": 333.89,
        "confidence": "n",
        "acq_date": "2026-05-02",
        "acq_time": "852",
        "satellite": "VIIRS_NOAA21",
        "frp": 3.96
      }
    },
    {
      "type": "Feature",
      "geometry": {
        "type": "Point",
        "coordinates": [
          41.99533,
          51.55143
        ]
      },
      "properties": {
        "brightness": 336.89,
        "confidence": "n",
        "acq_date": "2026-05-02",
        "acq_time": "854",
        "satellite": "VIIRS_NOAA21",
        "frp": 8.58
      }
    },
    {
      "type": "Feature",
      "geometry": {
        "type": "Point",
        "coordinates": [
          41.24319,
          51.85554
        ]
      },
      "properties": {
        "brightness": 326.1,
        "confidence": "n",
        "acq_date": "2026-05-02",
        "acq_time": "854",
        "satellite": "VIIRS_NOAA21",
        "frp": 2.27
      }
    },
    {
      "type": "Feature",
      "geometry": {
        "type": "Point",
        "coordinates": [
          41.2415,
          51.85628
        ]
      },
      "properties": {
        "brightness": 325.82,
        "confidence": "n",
        "acq_date": "2026-05-02",
        "acq_time": "854",
        "satellite": "VIIRS_NOAA21",
        "frp": 1.73
      }
    },
    {
      "type": "Feature",
      "geometry": {
        "type": "Point",
        "coordinates": [
          50.99557,
          53.18914
        ]
      },
      "properties": {
        "brightness": 327.68,
        "confidence": "n",
        "acq_date": "2026-05-02",
        "acq_time": "854",
        "satellite": "VIIRS_NOAA21",
        "frp": 2.71
      }
    },
    {
      "type": "Feature",
      "geometry": {
        "type": "Point",
        "coordinates": [
          42.70746,
          52.00467
        ]
      },
      "properties": {
        "brightness": 352.29,
        "confidence": "n",
        "acq_date": "2026-05-02",
        "acq_time": "1034",
        "satellite": "VIIRS_NOAA21",
        "frp": 10.38
      }
    },
    {
      "type": "Feature",
      "geometry": {
        "type": "Point",
        "coordinates": [
          42.71504,
          52.00512
        ]
      },
      "properties": {
        "brightness": 334.99,
        "confidence": "n",
        "acq_date": "2026-05-02",
        "acq_time": "1034",
        "satellite": "VIIRS_NOAA21",
        "frp": 5.75
      }
    },
    {
      "type": "Feature",
      "geometry": {
        "type": "Point",
        "coordinates": [
          42.72267,
          52.00558
        ]
      },
      "properties": {
        "brightness": 332.24,
        "confidence": "n",
        "acq_date": "2026-05-02",
        "acq_time": "1034",
        "satellite": "VIIRS_NOAA21",
        "frp": 5.75
      }
    },
    {
      "type": "Feature",
      "geometry": {
        "type": "Point",
        "coordinates": [
          44.42172,
          53.66092
        ]
      },
      "properties": {
        "brightness": 342.94,
        "confidence": "n",
        "acq_date": "2026-05-02",
        "acq_time": "1036",
        "satellite": "VIIRS_NOAA21",
        "frp": 5.05
      }
    },
    {
      "type": "Feature",
      "geometry": {
        "type": "Point",
        "coordinates": [
          45.86378,
          56.1701
        ]
      },
      "properties": {
        "brightness": 331.74,
        "confidence": "n",
        "acq_date": "2026-05-02",
        "acq_time": "1036",
        "satellite": "VIIRS_NOAA21",
        "frp": 4.77
      }
    },
    {
      "type": "Feature",
      "geometry": {
        "type": "Point",
        "coordinates": [
          43.66574,
          52.46976
        ]
      },
      "properties": {
        "brightness": 297.85,
        "confidence": "n",
        "acq_date": "2026-05-02",
        "acq_time": "2246",
        "satellite": "VIIRS_NOAA21",
        "frp": 1.16
      }
    },
    {
      "type": "Feature",
      "geometry": {
        "type": "Point",
        "coordinates": [
          51.23225,
          53.07556
        ]
      },
      "properties": {
        "brightness": 299.45,
        "confidence": "n",
        "acq_date": "2026-05-02",
        "acq_time": "2246",
        "satellite": "VIIRS_NOAA21",
        "frp": 0.79
      }
    },
    {
      "type": "Feature",
      "geometry": {
        "type": "Point",
        "coordinates": [
          51.01071,
          53.1885
        ]
      },
      "properties": {
        "brightness": 305.21,
        "confidence": "n",
        "acq_date": "2026-05-02",
        "acq_time": "2246",
        "satellite": "VIIRS_NOAA21",
        "frp": 0.94
      }
    },
    {
      "type": "Feature",
      "geometry": {
        "type": "Point",
        "coordinates": [
          45.85867,
          53.8738
        ]
      },
      "properties": {
        "brightness": 295.63,
        "confidence": "n",
        "acq_date": "2026-05-02",
        "acq_time": "2246",
        "satellite": "VIIRS_NOAA21",
        "frp": 1.18
      }
    },
    {
      "type": "Feature",
      "geometry": {
        "type": "Point",
        "coordinates": [
          51.93021,
          55.56351
        ]
      },
      "properties": {
        "brightness": 298.6,
        "confidence": "n",
        "acq_date": "2026-05-02",
        "acq_time": "2246",
        "satellite": "VIIRS_NOAA21",
        "frp": 0.51
      }
    },
    {
      "type": "Feature",
      "geometry": {
        "type": "Point",
        "coordinates": [
          51.96022,
          55.58676
        ]
      },
      "properties": {
        "brightness": 297.18,
        "confidence": "n",
        "acq_date": "2026-05-02",
        "acq_time": "2246",
        "satellite": "VIIRS_NOAA21",
        "frp": 0.7
      }
    },
    {
      "type": "Feature",
      "geometry": {
        "type": "Point",
        "coordinates": [
          51.96173,
          55.58999
        ]
      },
      "properties": {
        "brightness": 306.62,
        "confidence": "n",
        "acq_date": "2026-05-02",
        "acq_time": "2246",
        "satellite": "VIIRS_NOAA21",
        "frp": 1.14
      }
    },
    {
      "type": "Feature",
      "geometry": {
        "type": "Point",
        "coordinates": [
          51.90167,
          55.59893
        ]
      },
      "properties": {
        "brightness": 302.16,
        "confidence": "n",
        "acq_date": "2026-05-02",
        "acq_time": "2246",
        "satellite": "VIIRS_NOAA21",
        "frp": 1.05
      }
    },
    {
      "type": "Feature",
      "geometry": {
        "type": "Point",
        "coordinates": [
          51.90316,
          55.60217
        ]
      },
      "properties": {
        "brightness": 317.72,
        "confidence": "n",
        "acq_date": "2026-05-02",
        "acq_time": "2246",
        "satellite": "VIIRS_NOAA21",
        "frp": 1.05
      }
    },
    {
      "type": "Feature",
      "geometry": {
        "type": "Point",
        "coordinates": [
          51.93173,
          55.60832
        ]
      },
      "properties": {
        "brightness": 298.73,
        "confidence": "n",
        "acq_date": "2026-05-02",
        "acq_time": "2246",
        "satellite": "VIIRS_NOAA21",
        "frp": 0.67
      }
    },
    {
      "type": "Feature",
      "geometry": {
        "type": "Point",
        "coordinates": [
          51.94525,
          55.60977
        ]
      },
      "properties": {
        "brightness": 300.59,
        "confidence": "n",
        "acq_date": "2026-05-02",
        "acq_time": "2246",
        "satellite": "VIIRS_NOAA21",
        "frp": 1.46
      }
    },
    {
      "type": "Feature",
      "geometry": {
        "type": "Point",
        "coordinates": [
          48.13442,
          46.77478
        ]
      },
      "properties": {
        "brightness": 297.72,
        "confidence": "n",
        "acq_date": "2026-05-02",
        "acq_time": "2248",
        "satellite": "VIIRS_NOAA21",
        "frp": 0.88
      }
    },
    {
      "type": "Feature",
      "geometry": {
        "type": "Point",
        "coordinates": [
          48.12445,
          46.77628
        ]
      },
      "properties": {
        "brightness": 308.41,
        "confidence": "n",
        "acq_date": "2026-05-02",
        "acq_time": "2248",
        "satellite": "VIIRS_NOAA21",
        "frp": 1.72
      }
    },
    {
      "type": "Feature",
      "geometry": {
        "type": "Point",
        "coordinates": [
          49.46994,
          53.53545
        ]
      },
      "properties": {
        "brightness": 305.36,
        "confidence": "n",
        "acq_date": "2026-05-03",
        "acq_time": "26",
        "satellite": "VIIRS_NOAA21",
        "frp": 1.6
      }
    },
    {
      "type": "Feature",
      "geometry": {
        "type": "Point",
        "coordinates": [
          51.96691,
          55.58884
        ]
      },
      "properties": {
        "brightness": 303.18,
        "confidence": "n",
        "acq_date": "2026-05-03",
        "acq_time": "26",
        "satellite": "VIIRS_NOAA21",
        "frp": 2.32
      }
    },
    {
      "type": "Feature",
      "geometry": {
        "type": "Point",
        "coordinates": [
          51.90126,
          55.60027
        ]
      },
      "properties": {
        "brightness": 312.62,
        "confidence": "n",
        "acq_date": "2026-05-03",
        "acq_time": "26",
        "satellite": "VIIRS_NOAA21",
        "frp": 2.21
      }
    },
    {
      "type": "Feature",
      "geometry": {
        "type": "Point",
        "coordinates": [
          51.9461,
          55.60652
        ]
      },
      "properties": {
        "brightness": 300.74,
        "confidence": "n",
        "acq_date": "2026-05-03",
        "acq_time": "26",
        "satellite": "VIIRS_NOAA21",
        "frp": 1.98
      }
    },
    {
      "type": "Feature",
      "geometry": {
        "type": "Point",
        "coordinates": [
          44.52954,
          50.90766
        ]
      },
      "properties": {
        "brightness": 302.19,
        "confidence": "n",
        "acq_date": "2026-05-03",
        "acq_time": "28",
        "satellite": "VIIRS_NOAA21",
        "frp": 1.01
      }
    },
    {
      "type": "Feature",
      "geometry": {
        "type": "Point",
        "coordinates": [
          48.27012,
          45.93836
        ]
      },
      "properties": {
        "brightness": 327.22,
        "confidence": "n",
        "acq_date": "2026-05-03",
        "acq_time": "835",
        "satellite": "VIIRS_NOAA21",
        "frp": 3.09
      }
    },
    {
      "type": "Feature",
      "geometry": {
        "type": "Point",
        "coordinates": [
          42.09848,
          52.34736
        ]
      },
      "properties": {
        "brightness": 336.85,
        "confidence": "n",
        "acq_date": "2026-05-03",
        "acq_time": "835",
        "satellite": "VIIRS_NOAA21",
        "frp": 14.09
      }
    },
    {
      "type": "Feature",
      "geometry": {
        "type": "Point",
        "coordinates": [
          42.10495,
          52.34962
        ]
      },
      "properties": {
        "brightness": 346.93,
        "confidence": "n",
        "acq_date": "2026-05-03",
        "acq_time": "835",
        "satellite": "VIIRS_NOAA21",
        "frp": 16.92
      }
    },
    {
      "type": "Feature",
      "geometry": {
        "type": "Point",
        "coordinates": [
          42.09633,
          52.34984
        ]
      },
      "properties": {
        "brightness": 351.56,
        "confidence": "n",
        "acq_date": "2026-05-03",
        "acq_time": "835",
        "satellite": "VIIRS_NOAA21",
        "frp": 21.27
      }
    },
    {
      "type": "Feature",
      "geometry": {
        "type": "Point",
        "coordinates": [
          42.10277,
          52.35212
        ]
      },
      "properties": {
        "brightness": 367.0,
        "confidence": "h",
        "acq_date": "2026-05-03",
        "acq_time": "835",
        "satellite": "VIIRS_NOAA21",
        "frp": 21.27
      }
    },
    {
      "type": "Feature",
      "geometry": {
        "type": "Point",
        "coordinates": [
          42.09356,
          52.35266
        ]
      },
      "properties": {
        "brightness": 334.21,
        "confidence": "n",
        "acq_date": "2026-05-03",
        "acq_time": "835",
        "satellite": "VIIRS_NOAA21",
        "frp": 14.09
      }
    },
    {
      "type": "Feature",
      "geometry": {
        "type": "Point",
        "coordinates": [
          42.10005,
          52.35492
        ]
      },
      "properties": {
        "brightness": 355.67,
        "confidence": "l",
        "acq_date": "2026-05-03",
        "acq_time": "835",
        "satellite": "VIIRS_NOAA21",
        "frp": 16.92
      }
    },
    {
      "type": "Feature",
      "geometry": {
        "type": "Point",
        "coordinates": [
          44.61594,
          53.73024
        ]
      },
      "properties": {
        "brightness": 328.79,
        "confidence": "n",
        "acq_date": "2026-05-03",
        "acq_time": "835",
        "satellite": "VIIRS_NOAA21",
        "frp": 3.13
      }
    },
    {
      "type": "Feature",
      "geometry": {
        "type": "Point",
        "coordinates": [
          45.27813,
          54.10738
        ]
      },
      "properties": {
        "brightness": 334.43,
        "confidence": "n",
        "acq_date": "2026-05-03",
        "acq_time": "835",
        "satellite": "VIIRS_NOAA21",
        "frp": 2.74
      }
    },
    {
      "type": "Feature",
      "geometry": {
        "type": "Point",
        "coordinates": [
          45.76664,
          54.49797
        ]
      },
      "properties": {
        "brightness": 349.22,
        "confidence": "n",
        "acq_date": "2026-05-03",
        "acq_time": "835",
        "satellite": "VIIRS_NOAA21",
        "frp": 15.39
      }
    },
    {
      "type": "Feature",
      "geometry": {
        "type": "Point",
        "coordinates": [
          45.76492,
          54.50023
        ]
      },
      "properties": {
        "brightness": 353.03,
        "confidence": "n",
        "acq_date": "2026-05-03",
        "acq_time": "835",
        "satellite": "VIIRS_NOAA21",
        "frp": 13.52
      }
    },
    {
      "type": "Feature",
      "geometry": {
        "type": "Point",
        "coordinates": [
          47.07603,
          54.51922
        ]
      },
      "properties": {
        "brightness": 334.89,
        "confidence": "n",
        "acq_date": "2026-05-03",
        "acq_time": "835",
        "satellite": "VIIRS_NOAA21",
        "frp": 5.84
      }
    },
    {
      "type": "Feature",
      "geometry": {
        "type": "Point",
        "coordinates": [
          47.07442,
          54.52124
        ]
      },
      "properties": {
        "brightness": 325.71,
        "confidence": "l",
        "acq_date": "2026-05-03",
        "acq_time": "835",
        "satellite": "VIIRS_NOAA21",
        "frp": 2.35
      }
    },
    {
      "type": "Feature",
      "geometry": {
        "type": "Point",
        "coordinates": [
          48.60944,
          54.7896
        ]
      },
      "properties": {
        "brightness": 335.34,
        "confidence": "n",
        "acq_date": "2026-05-03",
        "acq_time": "835",
        "satellite": "VIIRS_NOAA21",
        "frp": 4.68
      }
    },
    {
      "type": "Feature",
      "geometry": {
        "type": "Point",
        "coordinates": [
          48.6062,
          54.79364
        ]
      },
      "properties": {
        "brightness": 336.9,
        "confidence": "n",
        "acq_date": "2026-05-03",
        "acq_time": "835",
        "satellite": "VIIRS_NOAA21",
        "frp": 4.68
      }
    },
    {
      "type": "Feature",
      "geometry": {
        "type": "Point",
        "coordinates": [
          51.03531,
          55.39108
        ]
      },
      "properties": {
        "brightness": 338.87,
        "confidence": "n",
        "acq_date": "2026-05-03",
        "acq_time": "835",
        "satellite": "VIIRS_NOAA21",
        "frp": 15.68
      }
    },
    {
      "type": "Feature",
      "geometry": {
        "type": "Point",
        "coordinates": [
          51.29592,
          55.44799
        ]
      },
      "properties": {
        "brightness": 331.12,
        "confidence": "n",
        "acq_date": "2026-05-03",
        "acq_time": "835",
        "satellite": "VIIRS_NOAA21",
        "frp": 4.63
      }
    },
    {
      "type": "Feature",
      "geometry": {
        "type": "Point",
        "coordinates": [
          51.90217,
          55.60011
        ]
      },
      "properties": {
        "brightness": 327.94,
        "confidence": "n",
        "acq_date": "2026-05-03",
        "acq_time": "835",
        "satellite": "VIIRS_NOAA21",
        "frp": 3.4
      }
    },
    {
      "type": "Feature",
      "geometry": {
        "type": "Point",
        "coordinates": [
          51.10575,
          56.02114
        ]
      },
      "properties": {
        "brightness": 329.62,
        "confidence": "n",
        "acq_date": "2026-05-03",
        "acq_time": "835",
        "satellite": "VIIRS_NOAA21",
        "frp": 3.78
      }
    },
    {
      "type": "Feature",
      "geometry": {
        "type": "Point",
        "coordinates": [
          49.42768,
          56.25253
        ]
      },
      "properties": {
        "brightness": 326.86,
        "confidence": "n",
        "acq_date": "2026-05-03",
        "acq_time": "835",
        "satellite": "VIIRS_NOAA21",
        "frp": 2.64
      }
    },
    {
      "type": "Feature",
      "geometry": {
        "type": "Point",
        "coordinates": [
          50.44475,
          56.4817
        ]
      },
      "properties": {
        "brightness": 325.59,
        "confidence": "l",
        "acq_date": "2026-05-03",
        "acq_time": "835",
        "satellite": "VIIRS_NOAA21",
        "frp": 2.98
      }
    },
    {
      "type": "Feature",
      "geometry": {
        "type": "Point",
        "coordinates": [
          42.41584,
          55.82962
        ]
      },
      "properties": {
        "brightness": 336.91,
        "confidence": "n",
        "acq_date": "2026-05-03",
        "acq_time": "837",
        "satellite": "VIIRS_NOAA21",
        "frp": 2.47
      }
    },
    {
      "type": "Feature",
      "geometry": {
        "type": "Point",
        "coordinates": [
          41.01521,
          57.52854
        ]
      },
      "properties": {
        "brightness": 347.33,
        "confidence": "n",
        "acq_date": "2026-05-03",
        "acq_time": "837",
        "satellite": "VIIRS_NOAA21",
        "frp": 6.49
      }
    },
    {
      "type": "Feature",
      "geometry": {
        "type": "Point",
        "coordinates": [
          41.0102,
          57.53303
        ]
      },
      "properties": {
        "brightness": 325.5,
        "confidence": "n",
        "acq_date": "2026-05-03",
        "acq_time": "837",
        "satellite": "VIIRS_NOAA21",
        "frp": 2.97
      }
    },
    {
      "type": "Feature",
      "geometry": {
        "type": "Point",
        "coordinates": [
          48.48354,
          45.00199
        ]
      },
      "properties": {
        "brightness": 337.27,
        "confidence": "n",
        "acq_date": "2026-05-03",
        "acq_time": "1013",
        "satellite": "VIIRS_NOAA21",
        "frp": 6.92
      }
    },
    {
      "type": "Feature",
      "geometry": {
        "type": "Point",
        "coordinates": [
          48.13261,
          46.35082
        ]
      },
      "properties": {
        "brightness": 341.41,
        "confidence": "n",
        "acq_date": "2026-05-03",
        "acq_time": "1013",
        "satellite": "VIIRS_NOAA21",
        "frp": 6.19
      }
    },
    {
      "type": "Feature",
      "geometry": {
        "type": "Point",
        "coordinates": [
          42.28969,
          50.9125
        ]
      },
      "properties": {
        "brightness": 335.34,
        "confidence": "n",
        "acq_date": "2026-05-03",
        "acq_time": "1015",
        "satellite": "VIIRS_NOAA21",
        "frp": 5.8
      }
    },
    {
      "type": "Feature",
      "geometry": {
        "type": "Point",
        "coordinates": [
          41.79152,
          50.97353
        ]
      },
      "properties": {
        "brightness": 343.42,
        "confidence": "n",
        "acq_date": "2026-05-03",
        "acq_time": "1015",
        "satellite": "VIIRS_NOAA21",
        "frp": 7.65
      }
    },
    {
      "type": "Feature",
      "geometry": {
        "type": "Point",
        "coordinates": [
          41.72721,
          51.38787
        ]
      },
      "properties": {
        "brightness": 335.2,
        "confidence": "l",
        "acq_date": "2026-05-03",
        "acq_time": "1015",
        "satellite": "VIIRS_NOAA21",
        "frp": 8.72
      }
    },
    {
      "type": "Feature",
      "geometry": {
        "type": "Point",
        "coordinates": [
          42.85633,
          51.47189
        ]
      },
      "properties": {
        "brightness": 333.3,
        "confidence": "n",
        "acq_date": "2026-05-03",
        "acq_time": "1015",
        "satellite": "VIIRS_NOAA21",
        "frp": 5.09
      }
    },
    {
      "type": "Feature",
      "geometry": {
        "type": "Point",
        "coordinates": [
          43.09602,
          51.6677
        ]
      },
      "properties": {
        "brightness": 353.08,
        "confidence": "n",
        "acq_date": "2026-05-03",
        "acq_time": "1015",
        "satellite": "VIIRS_NOAA21",
        "frp": 21.01
      }
    },
    {
      "type": "Feature",
      "geometry": {
        "type": "Point",
        "coordinates": [
          43.10356,
          51.66841
        ]
      },
      "properties": {
        "brightness": 331.32,
        "confidence": "n",
        "acq_date": "2026-05-03",
        "acq_time": "1015",
        "satellite": "VIIRS_NOAA21",
        "frp": 3.91
      }
    },
    {
      "type": "Feature",
      "geometry": {
        "type": "Point",
        "coordinates": [
          43.0956,
          51.66896
        ]
      },
      "properties": {
        "brightness": 354.26,
        "confidence": "n",
        "acq_date": "2026-05-03",
        "acq_time": "1015",
        "satellite": "VIIRS_NOAA21",
        "frp": 8.9
      }
    },
    {
      "type": "Feature",
      "geometry": {
        "type": "Point",
        "coordinates": [
          43.10313,
          51.66971
        ]
      },
      "properties": {
        "brightness": 332.05,
        "confidence": "n",
        "acq_date": "2026-05-03",
        "acq_time": "1015",
        "satellite": "VIIRS_NOAA21",
        "frp": 8.9
      }
    },
    {
      "type": "Feature",
      "geometry": {
        "type": "Point",
        "coordinates": [
          41.63042,
          51.75045
        ]
      },
      "properties": {
        "brightness": 332.5,
        "confidence": "n",
        "acq_date": "2026-05-03",
        "acq_time": "1015",
        "satellite": "VIIRS_NOAA21",
        "frp": 4.14
      }
    },
    {
      "type": "Feature",
      "geometry": {
        "type": "Point",
        "coordinates": [
          41.11209,
          51.86032
        ]
      },
      "properties": {
        "brightness": 346.03,
        "confidence": "n",
        "acq_date": "2026-05-03",
        "acq_time": "1015",
        "satellite": "VIIRS_NOAA21",
        "frp": 6.36
      }
    },
    {
      "type": "Feature",
      "geometry": {
        "type": "Point",
        "coordinates": [
          42.38914,
          52.00955
        ]
      },
      "properties": {
        "brightness": 332.83,
        "confidence": "n",
        "acq_date": "2026-05-03",
        "acq_time": "1015",
        "satellite": "VIIRS_NOAA21",
        "frp": 2.99
      }
    },
    {
      "type": "Feature",
      "geometry": {
        "type": "Point",
        "coordinates": [
          42.74764,
          52.25343
        ]
      },
      "properties": {
        "brightness": 331.71,
        "confidence": "n",
        "acq_date": "2026-05-03",
        "acq_time": "1015",
        "satellite": "VIIRS_NOAA21",
        "frp": 6.81
      }
    },
    {
      "type": "Feature",
      "geometry": {
        "type": "Point",
        "coordinates": [
          42.10228,
          52.35457
        ]
      },
      "properties": {
        "brightness": 341.81,
        "confidence": "n",
        "acq_date": "2026-05-03",
        "acq_time": "1015",
        "satellite": "VIIRS_NOAA21",
        "frp": 5.97
      }
    },
    {
      "type": "Feature",
      "geometry": {
        "type": "Point",
        "coordinates": [
          42.06352,
          52.41497
        ]
      },
      "properties": {
        "brightness": 330.1,
        "confidence": "l",
        "acq_date": "2026-05-03",
        "acq_time": "1015",
        "satellite": "VIIRS_NOAA21",
        "frp": 3.37
      }
    },
    {
      "type": "Feature",
      "geometry": {
        "type": "Point",
        "coordinates": [
          41.13256,
          52.49386
        ]
      },
      "properties": {
        "brightness": 332.46,
        "confidence": "n",
        "acq_date": "2026-05-03",
        "acq_time": "1015",
        "satellite": "VIIRS_NOAA21",
        "frp": 6.09
      }
    },
    {
      "type": "Feature",
      "geometry": {
        "type": "Point",
        "coordinates": [
          41.36101,
          52.83941
        ]
      },
      "properties": {
        "brightness": 337.09,
        "confidence": "n",
        "acq_date": "2026-05-03",
        "acq_time": "1015",
        "satellite": "VIIRS_NOAA21",
        "frp": 4.73
      }
    },
    {
      "type": "Feature",
      "geometry": {
        "type": "Point",
        "coordinates": [
          44.2263,
          52.92093
        ]
      },
      "properties": {
        "brightness": 339.31,
        "confidence": "n",
        "acq_date": "2026-05-03",
        "acq_time": "1015",
        "satellite": "VIIRS_NOAA21",
        "frp": 4.93
      }
    },
    {
      "type": "Feature",
      "geometry": {
        "type": "Point",
        "coordinates": [
          42.36771,
          53.31553
        ]
      },
      "properties": {
        "brightness": 327.9,
        "confidence": "n",
        "acq_date": "2026-05-03",
        "acq_time": "1015",
        "satellite": "VIIRS_NOAA21",
        "frp": 2.02
      }
    },
    {
      "type": "Feature",
      "geometry": {
        "type": "Point",
        "coordinates": [
          44.14539,
          53.96781
        ]
      },
      "properties": {
        "brightness": 338.78,
        "confidence": "n",
        "acq_date": "2026-05-03",
        "acq_time": "1015",
        "satellite": "VIIRS_NOAA21",
        "frp": 5.76
      }
    },
    {
      "type": "Feature",
      "geometry": {
        "type": "Point",
        "coordinates": [
          45.27553,
          54.10313
        ]
      },
      "properties": {
        "brightness": 334.43,
        "confidence": "n",
        "acq_date": "2026-05-03",
        "acq_time": "1015",
        "satellite": "VIIRS_NOAA21",
        "frp": 2.26
      }
    },
    {
      "type": "Feature",
      "geometry": {
        "type": "Point",
        "coordinates": [
          46.70467,
          54.48165
        ]
      },
      "properties": {
        "brightness": 353.81,
        "confidence": "n",
        "acq_date": "2026-05-03",
        "acq_time": "1015",
        "satellite": "VIIRS_NOAA21",
        "frp": 14.16
      }
    },
    {
      "type": "Feature",
      "geometry": {
        "type": "Point",
        "coordinates": [
          45.7636,
          54.4984
        ]
      },
      "properties": {
        "brightness": 338.04,
        "confidence": "n",
        "acq_date": "2026-05-03",
        "acq_time": "1015",
        "satellite": "VIIRS_NOAA21",
        "frp": 7.68
      }
    },
    {
      "type": "Feature",
      "geometry": {
        "type": "Point",
        "coordinates": [
          45.77105,
          54.49887
        ]
      },
      "properties": {
        "brightness": 343.46,
        "confidence": "n",
        "acq_date": "2026-05-03",
        "acq_time": "1015",
        "satellite": "VIIRS_NOAA21",
        "frp": 7.68
      }
    },
    {
      "type": "Feature",
      "geometry": {
        "type": "Point",
        "coordinates": [
          45.50735,
          55.31913
        ]
      },
      "properties": {
        "brightness": 326.51,
        "confidence": "n",
        "acq_date": "2026-05-03",
        "acq_time": "1015",
        "satellite": "VIIRS_NOAA21",
        "frp": 2.28
      }
    },
    {
      "type": "Feature",
      "geometry": {
        "type": "Point",
        "coordinates": [
          51.90276,
          55.60047
        ]
      },
      "properties": {
        "brightness": 343.9,
        "confidence": "n",
        "acq_date": "2026-05-03",
        "acq_time": "1015",
        "satellite": "VIIRS_NOAA21",
        "frp": 3.51
      }
    },
    {
      "type": "Feature",
      "geometry": {
        "type": "Point",
        "coordinates": [
          41.28338,
          57.4418
        ]
      },
      "properties": {
        "brightness": 331.87,
        "confidence": "n",
        "acq_date": "2026-05-03",
        "acq_time": "1017",
        "satellite": "VIIRS_NOAA21",
        "frp": 8.21
      }
    },
    {
      "type": "Feature",
      "geometry": {
        "type": "Point",
        "coordinates": [
          49.66697,
          46.45883
        ]
      },
      "properties": {
        "brightness": 326.59,
        "confidence": "0",
        "acq_date": "2026-05-02",
        "acq_time": "648",
        "satellite": "MODIS",
        "frp": 53.8
      }
    },
    {
      "type": "Feature",
      "geometry": {
        "type": "Point",
        "coordinates": [
          45.29049,
          54.10477
        ]
      },
      "properties": {
        "brightness": 302.88,
        "confidence": "47",
        "acq_date": "2026-05-03",
        "acq_time": "724",
        "satellite": "MODIS",
        "frp": 13.33
      }
    },
    {
      "type": "Feature",
      "geometry": {
        "type": "Point",
        "coordinates": [
          46.28661,
          54.44828
        ]
      },
      "properties": {
        "brightness": 300.68,
        "confidence": "16",
        "acq_date": "2026-05-03",
        "acq_time": "724",
        "satellite": "MODIS",
        "frp": 10.21
      }
    },
    {
      "type": "Feature",
      "geometry": {
        "type": "Point",
        "coordinates": [
          41.28385,
          57.44177
        ]
      },
      "properties": {
        "brightness": 303.26,
        "confidence": "55",
        "acq_date": "2026-05-03",
        "acq_time": "724",
        "satellite": "MODIS",
        "frp": 6.39
      }
    },
    {
      "type": "Feature",
      "geometry": {
        "type": "Point",
        "coordinates": [
          41.01426,
          57.52818
        ]
      },
      "properties": {
        "brightness": 303.96,
        "confidence": "43",
        "acq_date": "2026-05-03",
        "acq_time": "724",
        "satellite": "MODIS",
        "frp": 6.5
      }
    },
    {
      "type": "Feature",
      "geometry": {
        "type": "Point",
        "coordinates": [
          44.18834,
          53.18651
        ]
      },
      "properties": {
        "brightness": 301.68,
        "confidence": "33",
        "acq_date": "2026-05-03",
        "acq_time": "726",
        "satellite": "MODIS",
        "frp": 9.13
      }
    },
    {
      "type": "Feature",
      "geometry": {
        "type": "Point",
        "coordinates": [
          42.61059,
          53.37315
        ]
      },
      "properties": {
        "brightness": 302.18,
        "confidence": "20",
        "acq_date": "2026-05-03",
        "acq_time": "726",
        "satellite": "MODIS",
        "frp": 6.89
      }
    },
    {
      "type": "Feature",
      "geometry": {
        "type": "Point",
        "coordinates": [
          44.89279,
          53.66831
        ]
      },
      "properties": {
        "brightness": 300.37,
        "confidence": "16",
        "acq_date": "2026-05-03",
        "acq_time": "726",
        "satellite": "MODIS",
        "frp": 8.35
      }
    },
    {
      "type": "Feature",
      "geometry": {
        "type": "Point",
        "coordinates": [
          51.00168,
          55.37502
        ]
      },
      "properties": {
        "brightness": 315.8,
        "confidence": "75",
        "acq_date": "2026-05-03",
        "acq_time": "1024",
        "satellite": "MODIS",
        "frp": 34.03
      }
    },
    {
      "type": "Feature",
      "geometry": {
        "type": "Point",
        "coordinates": [
          50.99516,
          55.37763
        ]
      },
      "properties": {
        "brightness": 307.59,
        "confidence": "42",
        "acq_date": "2026-05-03",
        "acq_time": "1024",
        "satellite": "MODIS",
        "frp": 14.48
      }
    },
    {
      "type": "Feature",
      "geometry": {
        "type": "Point",
        "coordinates": [
          51.03065,
          55.38224
        ]
      },
      "properties": {
        "brightness": 340.73,
        "confidence": "92",
        "acq_date": "2026-05-03",
        "acq_time": "1024",
        "satellite": "MODIS",
        "frp": 122.72
      }
    },
    {
      "type": "Feature",
      "geometry": {
        "type": "Point",
        "coordinates": [
          51.02399,
          55.38496
        ]
      },
      "properties": {
        "brightness": 332.42,
        "confidence": "87",
        "acq_date": "2026-05-03",
        "acq_time": "1024",
        "satellite": "MODIS",
        "frp": 84.97
      }
    },
    {
      "type": "Feature",
      "geometry": {
        "type": "Point",
        "coordinates": [
          43.94062,
          56.11328
        ]
      },
      "properties": {
        "brightness": 300.43,
        "confidence": "24",
        "acq_date": "2026-05-03",
        "acq_time": "1026",
        "satellite": "MODIS",
        "frp": 14.3
      }
    },
    {
      "type": "Feature",
      "geometry": {
        "type": "Point",
        "coordinates": [
          41.60943,
          57.28047
        ]
      },
      "properties": {
        "brightness": 300.78,
        "confidence": "41",
        "acq_date": "2026-05-03",
        "acq_time": "1026",
        "satellite": "MODIS",
        "frp": 22.52
      }
    },
    {
      "type": "Feature",
      "geometry": {
        "type": "Point",
        "coordinates": [
          41.20136,
          51.46025
        ]
      },
      "properties": {
        "brightness": 315.98,
        "confidence": "64",
        "acq_date": "2026-05-03",
        "acq_time": "1202",
        "satellite": "MODIS",
        "frp": 8.98
      }
    },
    {
      "type": "Feature",
      "geometry": {
        "type": "Point",
        "coordinates": [
          41.62904,
          51.74728
        ]
      },
      "properties": {
        "brightness": 318.64,
        "confidence": "71",
        "acq_date": "2026-05-03",
        "acq_time": "1202",
        "satellite": "MODIS",
        "frp": 12.84
      }
    },
    {
      "type": "Feature",
      "geometry": {
        "type": "Point",
        "coordinates": [
          41.98349,
          52.51269
        ]
      },
      "properties": {
        "brightness": 310.58,
        "confidence": "52",
        "acq_date": "2026-05-03",
        "acq_time": "1202",
        "satellite": "MODIS",
        "frp": 6.31
      }
    },
    {
      "type": "Feature",
      "geometry": {
        "type": "Point",
        "coordinates": [
          41.06226,
          52.92513
        ]
      },
      "properties": {
        "brightness": 308.76,
        "confidence": "61",
        "acq_date": "2026-05-03",
        "acq_time": "1202",
        "satellite": "MODIS",
        "frp": 6.35
      }
    },
    {
      "type": "Feature",
      "geometry": {
        "type": "Point",
        "coordinates": [
          43.57473,
          53.82822
        ]
      },
      "properties": {
        "brightness": 312.86,
        "confidence": "56",
        "acq_date": "2026-05-03",
        "acq_time": "1202",
        "satellite": "MODIS",
        "frp": 10.48
      }
    },
    {
      "type": "Feature",
      "geometry": {
        "type": "Point",
        "coordinates": [
          43.59402,
          53.83017
        ]
      },
      "properties": {
        "brightness": 311.46,
        "confidence": "49",
        "acq_date": "2026-05-03",
        "acq_time": "1202",
        "satellite": "MODIS",
        "frp": 9.16
      }
    },
    {
      "type": "Feature",
      "geometry": {
        "type": "Point",
        "coordinates": [
          47.69186,
          56.10309
        ]
      },
      "properties": {
        "brightness": 303.03,
        "confidence": "38",
        "acq_date": "2026-05-03",
        "acq_time": "1204",
        "satellite": "MODIS",
        "frp": 13.06
      }
    }
  ]
}